ticker,empresa,id,cuit,url_empresa
,1 DE ABRIL S.A.,104412,33711316839,https://www.cnv.gov.ar/SitioWeb/Empresas/Empresa/33711316839
,360 ENERGY SOLAR S.A.,103936,30711204055,https://www.cnv.gov.ar/SitioWeb/Empresas/Empresa/30711204055
,3D LATINOAMERICA S. A.,105618,30713701803,https://www.cnv.gov.ar/SitioWeb/Empresas/Empresa/30713701803
,A3 Mercados S.A.,30460,30525698412,https://www.cnv.gov.ar/SitioWeb/Empresas/Empresa/30525698412
,AB ENERGIA S.A.,104539,33716030569,https://www.cnv.gov.ar/SitioWeb/Empresas/Empresa/33716030569
,ACA VALORES S.A,102576,30716908816,https://www.cnv.gov.ar/SitioWeb/Empresas/Empresa/30716908816
,ACINDAR PYMES SGR,31836,30709377295,https://www.cnv.gov.ar/SitioWeb/Empresas/Empresa/30709377295
,Actual S.A.,30274,30641487267,https://www.cnv.gov.ar/SitioWeb/Empresas/Empresa/30641487267
,Aeropuertos Argentina 2000 S.A.,3730,30696170580,https://www.cnv.gov.ar/SitioWeb/Empresas/Empresa/30696170580
,AES ARGENTINA GENERACIÓN  S.A.,31585,30663461113,https://www.cnv.gov.ar/SitioWeb/Empresas/Empresa/30663461113
,AFFIDAVIT SGR,31839,30709399426,https://www.cnv.gov.ar/SitioWeb/Empresas/Empresa/30709399426
,AFIANZAR SGR,31837,30705458835,https://www.cnv.gov.ar/SitioWeb/Empresas/Empresa/30705458835
,AFS GROUP S.A.,106122,30716837994,https://www.cnv.gov.ar/SitioWeb/Empresas/Empresa/30716837994
,AGRICOLA NOROESTE S R L,102707,30665605775,https://www.cnv.gov.ar/SitioWeb/Empresas/Empresa/30665605775
,Agriseed S.A.,32206,30628910592,https://www.cnv.gov.ar/SitioWeb/Empresas/Empresa/30628910592
,AGRO ALLIANCE S.A.,104311,30715030213,https://www.cnv.gov.ar/SitioWeb/Empresas/Empresa/30715030213
,AGRO DE SOUZA S.A,104464,30707923446,https://www.cnv.gov.ar/SitioWeb/Empresas/Empresa/30707923446
,Agro Ganadera Vidoret S.A.,32162,30707825010,https://www.cnv.gov.ar/SitioWeb/Empresas/Empresa/30707825010
,AGRO SERVICIOS S R L,102769,30668239559,https://www.cnv.gov.ar/SitioWeb/Empresas/Empresa/30668239559
,AGROAVAL SGR,31840,30708255102,https://www.cnv.gov.ar/SitioWeb/Empresas/Empresa/30708255102
,AGRO-BICIUFFA S.R.L.,104236,30708142693,https://www.cnv.gov.ar/SitioWeb/Empresas/Empresa/30708142693
,AGROCOMERCIAL SUARDI SRL,103906,30708941766,https://www.cnv.gov.ar/SitioWeb/Empresas/Empresa/30708941766
,Agroempresa Colón S.A.,31937,30658531332,https://www.cnv.gov.ar/SitioWeb/Empresas/Empresa/30658531332
,AGROFIN AGROCOMMODITIES S.A.,102663,30708437103,https://www.cnv.gov.ar/SitioWeb/Empresas/Empresa/30708437103
,Agrofina S.A.,31230,30592724541,https://www.cnv.gov.ar/SitioWeb/Empresas/Empresa/30592724541
,AGROIDEAS S A,102604,30708658819,https://www.cnv.gov.ar/SitioWeb/Empresas/Empresa/30708658819
,Agroinversiones S.A.,32017,30711726906,https://www.cnv.gov.ar/SitioWeb/Empresas/Empresa/30711726906
,Agrometal Sociedad Anonima Industrial,3,30503087967,https://www.cnv.gov.ar/SitioWeb/Empresas/Empresa/30503087967
,AGRONASAJA SRL,104380,30710712758,https://www.cnv.gov.ar/SitioWeb/Empresas/Empresa/30710712758
,AGRONEA PRODUCCIONES S.R.L.,105473,30712129766,https://www.cnv.gov.ar/SitioWeb/Empresas/Empresa/30712129766
,AGRONORTE SRL,103998,30547794482,https://www.cnv.gov.ar/SitioWeb/Empresas/Empresa/30547794482
,AGROPECUARIA LAS MARIAS SA,104441,30707100806,https://www.cnv.gov.ar/SitioWeb/Empresas/Empresa/30707100806
,AGROTECNOLOGIA SALA S.A.,100144,30542790780,https://www.cnv.gov.ar/SitioWeb/Empresas/Empresa/30542790780
,AKRON S.A.,102475,30521840486,https://www.cnv.gov.ar/SitioWeb/Empresas/Empresa/30521840486
,ALBERTO J. OLIVERO E HIJOS SA,105712,30590762233,https://www.cnv.gov.ar/SitioWeb/Empresas/Empresa/30590762233
,ALDYL ARGENTINA SA,100091,30643077090,https://www.cnv.gov.ar/SitioWeb/Empresas/Empresa/30643077090
,ALIANZA SOCIEDAD DE GARANTIA RECIPROCA,104226,30712443487,https://www.cnv.gov.ar/SitioWeb/Empresas/Empresa/30712443487
,ALMACITY S.A.,103883,30709023523,https://www.cnv.gov.ar/SitioWeb/Empresas/Empresa/30709023523
,ALPARGATAS TEXTIL SOCIEDAD ANÓNIMA,100327,30716620472,https://www.cnv.gov.ar/SitioWeb/Empresas/Empresa/30716620472
,ALTO REAL VIÑEDOS S.A.,102487,30711986525,https://www.cnv.gov.ar/SitioWeb/Empresas/Empresa/30711986525
,Aluar Aluminio Argentino,7,30522780606,https://www.cnv.gov.ar/SitioWeb/Empresas/Empresa/30522780606
,ALZ NUTRIENTES S.A.,104451,30714662992,https://www.cnv.gov.ar/SitioWeb/Empresas/Empresa/30714662992
,ALZ Semillas SA,30293,30709878103,https://www.cnv.gov.ar/SitioWeb/Empresas/Empresa/30709878103
,Angel Estrada y Cia.,261,30500235566,https://www.cnv.gov.ar/SitioWeb/Empresas/Empresa/30500235566
,Anta del Dorado S.A.,31953,30550246771,https://www.cnv.gov.ar/SitioWeb/Empresas/Empresa/30550246771
,APACHE S.A.,106330,30504051524,https://www.cnv.gov.ar/SitioWeb/Empresas/Empresa/30504051524
,ARBITRA S.A. S. A.,106142,30678534214,https://www.cnv.gov.ar/SitioWeb/Empresas/Empresa/30678534214
,ARCOR SAIC,30415,30502793175,https://www.cnv.gov.ar/SitioWeb/Empresas/Empresa/30502793175
,ARG DE GRAAF S A,102857,33693298569,https://www.cnv.gov.ar/SitioWeb/Empresas/Empresa/33693298569
,ARGENPYMES SGR,31842,33714924139,https://www.cnv.gov.ar/SitioWeb/Empresas/Empresa/33714924139
,ARGENSUN  SOCIEDAD ANONIMA,102616,30640783199,https://www.cnv.gov.ar/SitioWeb/Empresas/Empresa/30640783199
,ARGENTINA CIUDAD S.G.R.,104899,30718083903,https://www.cnv.gov.ar/SitioWeb/Empresas/Empresa/30718083903
,Argentina Valores S.A.,31940,30714304115,https://www.cnv.gov.ar/SitioWeb/Empresas/Empresa/30714304115
,ARMORAUT SA,106339,30707304886,https://www.cnv.gov.ar/SitioWeb/Empresas/Empresa/30707304886
,ARROWWS ARGENTINA SRL,102806,30651671066,https://www.cnv.gov.ar/SitioWeb/Empresas/Empresa/30651671066
,ASOCIACION CIVIL SUMATORIA PARA UNA NUEVA ECONOMIA,102771,30716684594,https://www.cnv.gov.ar/SitioWeb/Empresas/Empresa/30716684594
,ASPRO SERVICIOS PETROLEROS S.A.,104405,30715595105,https://www.cnv.gov.ar/SitioWeb/Empresas/Empresa/30715595105
,ASSERCA S.R.L.,105623,33710735609,https://www.cnv.gov.ar/SitioWeb/Empresas/Empresa/33710735609
,AUTOFERRO S. R. L.,106499,30715506897,https://www.cnv.gov.ar/SitioWeb/Empresas/Empresa/30715506897
,Automotores Pampeanos S.A.,32233,33711986869,https://www.cnv.gov.ar/SitioWeb/Empresas/Empresa/33711986869
,Autopistas del Sol S.A.,3075,30677237119,https://www.cnv.gov.ar/SitioWeb/Empresas/Empresa/30677237119
,AUTOTRANSPORTES ANDESMAR S.A.,104433,30561785402,https://www.cnv.gov.ar/SitioWeb/Empresas/Empresa/30561785402
,AVAL AR SGR,31869,30715060953,https://www.cnv.gov.ar/SitioWeb/Empresas/Empresa/30715060953
,AVAL FEDERAL SGR,31873,30708802979,https://www.cnv.gov.ar/SitioWeb/Empresas/Empresa/30708802979
,AVAL FERTIL SGR,31844,30714824631,https://www.cnv.gov.ar/SitioWeb/Empresas/Empresa/30714824631
,AVAL RURAL SGR,31845,30709061824,https://www.cnv.gov.ar/SitioWeb/Empresas/Empresa/30709061824
,AVALES DEL CENTRO SGR,31872,30715434969,https://www.cnv.gov.ar/SitioWeb/Empresas/Empresa/30715434969
,AVALUAR SGR,31846,30697281106,https://www.cnv.gov.ar/SitioWeb/Empresas/Empresa/30697281106
,BACS Banco de Crédito y Securitización S.A.,30386,30707227415,https://www.cnv.gov.ar/SitioWeb/Empresas/Empresa/30707227415
,BALANZ CAPITAL VALORES S.A.U.,31557,30710630670,https://www.cnv.gov.ar/SitioWeb/Empresas/Empresa/30710630670
,BANCO BBVA ARGENTINA S.A.,30485,30500003193,https://www.cnv.gov.ar/SitioWeb/Empresas/Empresa/30500003193
,BANCO BICA SA,31957,30712331239,https://www.cnv.gov.ar/SitioWeb/Empresas/Empresa/30712331239
,BANCO BMA S.A.U,30567,30580189411,https://www.cnv.gov.ar/SitioWeb/Empresas/Empresa/30580189411
,Banco CMF S.A.,32045,30576614299,https://www.cnv.gov.ar/SitioWeb/Empresas/Empresa/30576614299
,BANCO COINAG S.A.,100176,30714195960,https://www.cnv.gov.ar/SitioWeb/Empresas/Empresa/30714195960
,"Banco Columbia S,A",30620,30517637498,https://www.cnv.gov.ar/SitioWeb/Empresas/Empresa/30517637498
,Banco Comafi S.A.,32133,30604731018,https://www.cnv.gov.ar/SitioWeb/Empresas/Empresa/30604731018
,BANCO CREDICOOP COOPERATIVO LIMITADO,30342,30571421352,https://www.cnv.gov.ar/SitioWeb/Empresas/Empresa/30571421352
,BANCO DE COMERCIO S.A.,31558,30542033637,https://www.cnv.gov.ar/SitioWeb/Empresas/Empresa/30542033637
,BANCO DE CORRIENTES S.A.,31507,30500010602,https://www.cnv.gov.ar/SitioWeb/Empresas/Empresa/30500010602
,BANCO DE GALICIA Y BUENOS AIRES S.A.,30341,30500001735,https://www.cnv.gov.ar/SitioWeb/Empresas/Empresa/30500001735
,BANCO DE INVERSIÓN Y COMERCIO EXTERIOR S.A.,30469,30651129083,https://www.cnv.gov.ar/SitioWeb/Empresas/Empresa/30651129083
,BANCO DE LA PAMPA S.A.,30622,30500012516,https://www.cnv.gov.ar/SitioWeb/Empresas/Empresa/30500012516
,Banco de la Provincia de Buenos Aires,30474,33999242109,https://www.cnv.gov.ar/SitioWeb/Empresas/Empresa/33999242109
,Banco de la Provincia de Córdoba S.A.,31921,30999228565,https://www.cnv.gov.ar/SitioWeb/Empresas/Empresa/30999228565
,BANCO DE SAN JUAN S.A.,30381,30500009442,https://www.cnv.gov.ar/SitioWeb/Empresas/Empresa/30500009442
,BANCO DE SANTA CRUZ S.A.,30382,30500098801,https://www.cnv.gov.ar/SitioWeb/Empresas/Empresa/30500098801
,BANCO DE SERVICIOS FINANCIEROS CARREFOUR SAU,30220,30697265895,https://www.cnv.gov.ar/SitioWeb/Empresas/Empresa/30697265895
,Banco de Servicios y Transacciones S.A.U.,31958,30704960995,https://www.cnv.gov.ar/SitioWeb/Empresas/Empresa/30704960995
,Banco de Valores S.A.,30471,30576124275,https://www.cnv.gov.ar/SitioWeb/Empresas/Empresa/30576124275
,BANCO DEL SOL SA,104337,30677937560,https://www.cnv.gov.ar/SitioWeb/Empresas/Empresa/30677937560
,Banco Hipotecario S.A.,30421,30500011072,https://www.cnv.gov.ar/SitioWeb/Empresas/Empresa/30500011072
,Banco Industrial S.A.,32197,30685029959,https://www.cnv.gov.ar/SitioWeb/Empresas/Empresa/30685029959
,Banco Julio S.A.,80485,30657441216,https://www.cnv.gov.ar/SitioWeb/Empresas/Empresa/30657441216
,Banco Macro SA,32118,30500010084,https://www.cnv.gov.ar/SitioWeb/Empresas/Empresa/30500010084
,Banco Mariva S.A.,31989,30516420444,https://www.cnv.gov.ar/SitioWeb/Empresas/Empresa/30516420444
,Banco Meridian S.A.,30450,30534487491,https://www.cnv.gov.ar/SitioWeb/Empresas/Empresa/30534487491
,Banco Patagonia SA,30464,30500006613,https://www.cnv.gov.ar/SitioWeb/Empresas/Empresa/30500006613
,BANCO PIANO SA,30398,30569151763,https://www.cnv.gov.ar/SitioWeb/Empresas/Empresa/30569151763
,BANCO PROVINCIA DEL NEUQUEN S.A.,30625,30500014047,https://www.cnv.gov.ar/SitioWeb/Empresas/Empresa/30500014047
,BANCO SAENZ S.A.,30573,30534672434,https://www.cnv.gov.ar/SitioWeb/Empresas/Empresa/30534672434
,BANCO SANTANDER ARGENTINA S.A,30442,30500008454,https://www.cnv.gov.ar/SitioWeb/Empresas/Empresa/30500008454
,Banco Supervielle S.A.,31890,33500005179,https://www.cnv.gov.ar/SitioWeb/Empresas/Empresa/33500005179
,BANCO VOII S.A.,31559,30546741636,https://www.cnv.gov.ar/SitioWeb/Empresas/Empresa/30546741636
,B-GAMING SA,32307,30709967424,https://www.cnv.gov.ar/SitioWeb/Empresas/Empresa/30709967424
,BIAMAQ S.R.L.,105305,30713350407,https://www.cnv.gov.ar/SitioWeb/Empresas/Empresa/30713350407
,BIBANK S.A.,30624,30522714417,https://www.cnv.gov.ar/SitioWeb/Empresas/Empresa/30522714417
,BIO RAMALLO S.A.,104279,33711967589,https://www.cnv.gov.ar/SitioWeb/Empresas/Empresa/33711967589
,Bioetanol Rio Cuarto S.A.,32229,30709934313,https://www.cnv.gov.ar/SitioWeb/Empresas/Empresa/30709934313
,BISORDI KREMAR SRL,105078,30641234601,https://www.cnv.gov.ar/SitioWeb/Empresas/Empresa/30641234601
,BLM DESARROLLOS SA,105620,30718221516,https://www.cnv.gov.ar/SitioWeb/Empresas/Empresa/30718221516
,Boldt,48,30500179151,https://www.cnv.gov.ar/SitioWeb/Empresas/Empresa/30500179151
,Bolsas y Mercados Argentinos SA,31697,30715471953,https://www.cnv.gov.ar/SitioWeb/Empresas/Empresa/30715471953
,BRAMIX S.R.L.,106432,30715115464,https://www.cnv.gov.ar/SitioWeb/Empresas/Empresa/30715115464
,BUHL SOCIEDAD ANONIMA,100155,30637805149,https://www.cnv.gov.ar/SitioWeb/Empresas/Empresa/30637805149
,BUYATTI S A I C A,102555,30501684399,https://www.cnv.gov.ar/SitioWeb/Empresas/Empresa/30501684399
,C & C MEDICAL S SOCIEDAD ANONIMA,105061,30707174702,https://www.cnv.gov.ar/SitioWeb/Empresas/Empresa/30707174702
,CABLEVISIÓN HOLDING S.A.,31827,30715591231,https://www.cnv.gov.ar/SitioWeb/Empresas/Empresa/30715591231
,CAIMAN S.A.,104248,30707651675,https://www.cnv.gov.ar/SitioWeb/Empresas/Empresa/30707651675
,Caja de Valores S.A.,30463,30554475910,https://www.cnv.gov.ar/SitioWeb/Empresas/Empresa/30554475910
,CALERAS SAN JUAN S A,104550,30700760681,https://www.cnv.gov.ar/SitioWeb/Empresas/Empresa/30700760681
,CALICO S A,106404,33596683679,https://www.cnv.gov.ar/SitioWeb/Empresas/Empresa/33596683679
,CALZETTA S.A.,32250,30615501995,https://www.cnv.gov.ar/SitioWeb/Empresas/Empresa/30615501995
,CAMPO AVAL SGR,31848,30708768924,https://www.cnv.gov.ar/SitioWeb/Empresas/Empresa/30708768924
,Campo de Avanzada S.A.,32163,30713302208,https://www.cnv.gov.ar/SitioWeb/Empresas/Empresa/30713302208
,CAMPO FERTIL SOCIEDAD DE RESPONSABILIDAD LIMITADA,104006,30714327573,https://www.cnv.gov.ar/SitioWeb/Empresas/Empresa/30714327573
,Camuzzi Gas del Sur S.A.,32151,30657864427,https://www.cnv.gov.ar/SitioWeb/Empresas/Empresa/30657864427
,Camuzzi Gas Pampeana S.A.,322,30657864281,https://www.cnv.gov.ar/SitioWeb/Empresas/Empresa/30657864281
,Capex S.A.,331,30629827060,https://www.cnv.gov.ar/SitioWeb/Empresas/Empresa/30629827060
,Carboclor S.A.(Ex. Sol Petroleo S.A.),5019,30504249227,https://www.cnv.gov.ar/SitioWeb/Empresas/Empresa/30504249227
,Carlos Casado,58,30525406756,https://www.cnv.gov.ar/SitioWeb/Empresas/Empresa/30525406756
,Carsa S.A.,30196,33572266449,https://www.cnv.gov.ar/SitioWeb/Empresas/Empresa/33572266449
,CASCIA S.R.L.,104457,30712094679,https://www.cnv.gov.ar/SitioWeb/Empresas/Empresa/30712094679
,Castro S.A.,104487,30536633444,https://www.cnv.gov.ar/SitioWeb/Empresas/Empresa/30536633444
,CEDISUR S A,105027,30672812808,https://www.cnv.gov.ar/SitioWeb/Empresas/Empresa/30672812808
,Celulosa Argentina,61,30501062150,https://www.cnv.gov.ar/SitioWeb/Empresas/Empresa/30501062150
,CENTRAL COSTANERA S.A.,32100,30652254248,https://www.cnv.gov.ar/SitioWeb/Empresas/Empresa/30652254248
,Central Puerto,254,33650305499,https://www.cnv.gov.ar/SitioWeb/Empresas/Empresa/33650305499
,Central Termica Roca S.A.,30924,33711944899,https://www.cnv.gov.ar/SitioWeb/Empresas/Empresa/33711944899
,Central Urbana SA,30188,30525522381,https://www.cnv.gov.ar/SitioWeb/Empresas/Empresa/30525522381
,CENTRO DE REHABILITACION INTEGRAL LOS NOGALES SRL,105208,30715445405,https://www.cnv.gov.ar/SitioWeb/Empresas/Empresa/30715445405
,CENTRO DESARROLLO AGRICOLA S.A.,104543,33708758529,https://www.cnv.gov.ar/SitioWeb/Empresas/Empresa/33708758529
,CENTRO TECNOLOGICO AGROPECUARIO S.A.,104215,30710099649,https://www.cnv.gov.ar/SitioWeb/Empresas/Empresa/30710099649
,CERAMICA RUTA 16 SRL,100338,30710080085,https://www.cnv.gov.ar/SitioWeb/Empresas/Empresa/30710080085
,CEREALERA PUNTANA S.R.L.,32193,30711515808,https://www.cnv.gov.ar/SitioWeb/Empresas/Empresa/30711515808
,CFA COMPAÑÍA FIDUCIARIA AMERICANA S.A,70356,30689001269,https://www.cnv.gov.ar/SitioWeb/Empresas/Empresa/30689001269
,CFN S.R.L.,30285,30641056177,https://www.cnv.gov.ar/SitioWeb/Empresas/Empresa/30641056177
,CHAYE HNOS SRL,104537,30708410051,https://www.cnv.gov.ar/SitioWeb/Empresas/Empresa/30708410051
,Cia. Argentina de Comodoro Rivadavia,71,30526288412,https://www.cnv.gov.ar/SitioWeb/Empresas/Empresa/30526288412
,Cia. de Transporte de Energia Electrica,1018,30663148776,https://www.cnv.gov.ar/SitioWeb/Empresas/Empresa/30663148776
,Cia. General de Combustibles S.A.,296,30506733932,https://www.cnv.gov.ar/SitioWeb/Empresas/Empresa/30506733932
,Cia. Introductora de Bs.As.,78,30501290323,https://www.cnv.gov.ar/SitioWeb/Empresas/Empresa/30501290323
,CIRUGIA ALEMANA INSUMOS MEDICOS SOCIEDAD ANONIMA,102754,30709247650,https://www.cnv.gov.ar/SitioWeb/Empresas/Empresa/30709247650
,CITRUSVIL S.A.,103954,30619458253,https://www.cnv.gov.ar/SitioWeb/Empresas/Empresa/30619458253
,CLADAN SA,102465,30707943617,https://www.cnv.gov.ar/SitioWeb/Empresas/Empresa/30707943617
,CLIBA INGENIERIA URBANA S A,104330,30692332721,https://www.cnv.gov.ar/SitioWeb/Empresas/Empresa/30692332721
,CLISA,3007,30692239292,https://www.cnv.gov.ar/SitioWeb/Empresas/Empresa/30692239292
,CLORONOR S.A.,105267,30710855850,https://www.cnv.gov.ar/SitioWeb/Empresas/Empresa/30710855850
,CLUB ATLETICO RIVER PLATE ASOC CIVIL,104965,30526748448,https://www.cnv.gov.ar/SitioWeb/Empresas/Empresa/30526748448
,CNH INDUSTRIAL CAPITAL ARGENTINA S.A.,100336,30714322938,https://www.cnv.gov.ar/SitioWeb/Empresas/Empresa/30714322938
,COBON OTC S. A.,105654,33717821039,https://www.cnv.gov.ar/SitioWeb/Empresas/Empresa/33717821039
,COLGAS S. A.,106357,30642554421,https://www.cnv.gov.ar/SitioWeb/Empresas/Empresa/30642554421
,COLLINS SOCIEDAD ANONIMA,100140,33714669899,https://www.cnv.gov.ar/SitioWeb/Empresas/Empresa/33714669899
,COM & LOG SA,104465,30709318507,https://www.cnv.gov.ar/SitioWeb/Empresas/Empresa/30709318507
,COMERCIAL Y GANADERA DEL NIRIHUAU S A,100253,30513210171,https://www.cnv.gov.ar/SitioWeb/Empresas/Empresa/30513210171
,COMPANIA INVERSORA INDUSTRIAL S.A.,102688,33711062489,https://www.cnv.gov.ar/SitioWeb/Empresas/Empresa/33711062489
,COMPAÑIA DE INSUMOS Y GRANOS S A,104511,30668299462,https://www.cnv.gov.ar/SitioWeb/Empresas/Empresa/30668299462
,Compañía Financiera Argentina S.A.,30368,30538006404,https://www.cnv.gov.ar/SitioWeb/Empresas/Empresa/30538006404
,COMPAÑÍA MEGA SOCIEDAD ANÓNIMA,100089,30696139888,https://www.cnv.gov.ar/SitioWeb/Empresas/Empresa/30696139888
,COMPAÑIA TSB S A,104887,30707810927,https://www.cnv.gov.ar/SitioWeb/Empresas/Empresa/30707810927
,CONAVAL SGR,102651,30716480387,https://www.cnv.gov.ar/SitioWeb/Empresas/Empresa/30716480387
,CONCI S.A,104276,30710796188,https://www.cnv.gov.ar/SitioWeb/Empresas/Empresa/30710796188
,CONDOR OTC S.A.,105491,30718521447,https://www.cnv.gov.ar/SitioWeb/Empresas/Empresa/30718521447
,CONFEDERAR NEA SGR,31850,30712810404,https://www.cnv.gov.ar/SitioWeb/Empresas/Empresa/30712810404
,CONFIABLES SGR,31851,30709422746,https://www.cnv.gov.ar/SitioWeb/Empresas/Empresa/30709422746
,Construir S.A.,30246,30651863658,https://www.cnv.gov.ar/SitioWeb/Empresas/Empresa/30651863658
,Consultatio S.A.,30177,30587480359,https://www.cnv.gov.ar/SitioWeb/Empresas/Empresa/30587480359
,Continental Urbana S.A.,4005,30709130354,https://www.cnv.gov.ar/SitioWeb/Empresas/Empresa/30709130354
,COOPERATIVA DE CRÉDITO Y VIVIENDA UNICRED LIMITADA,32275,30634713006,https://www.cnv.gov.ar/SitioWeb/Empresas/Empresa/30634713006
,CRE NOR SRL,105317,30709191930,https://www.cnv.gov.ar/SitioWeb/Empresas/Empresa/30709191930
,CREAR S.G.R.,102792,30716256398,https://www.cnv.gov.ar/SitioWeb/Empresas/Empresa/30716256398
,CREATIVE PMO INTERNATIONAL SOCIEDAD ANONIMA,104939,30714763225,https://www.cnv.gov.ar/SitioWeb/Empresas/Empresa/30714763225
,CRECER SGR,31852,30711015805,https://www.cnv.gov.ar/SitioWeb/Empresas/Empresa/30711015805
,CREDES LAS BREÑAS S.R.L.,104331,30714056316,https://www.cnv.gov.ar/SitioWeb/Empresas/Empresa/30714056316
,Credicuotas Consumo S.A.,32008,30710911580,https://www.cnv.gov.ar/SitioWeb/Empresas/Empresa/30710911580
,Credito Directo S.A.,31228,30712101136,https://www.cnv.gov.ar/SitioWeb/Empresas/Empresa/30712101136
,Cresud SACIF Y A,83,30509300700,https://www.cnv.gov.ar/SitioWeb/Empresas/Empresa/30509300700
,CROWE  AR  S.A,102626,30716351366,https://www.cnv.gov.ar/SitioWeb/Empresas/Empresa/30716351366
,CROWN POINT ENERGIA S.A.,102552,30709346268,https://www.cnv.gov.ar/SitioWeb/Empresas/Empresa/30709346268
,CT BARRAGAN S.A.,100428,30710911378,https://www.cnv.gov.ar/SitioWeb/Empresas/Empresa/30710911378
,CUEROS Y CUERINAS S.R.L.,102551,30714165077,https://www.cnv.gov.ar/SitioWeb/Empresas/Empresa/30714165077
,CUMAR S.A.,31576,30712678506,https://www.cnv.gov.ar/SitioWeb/Empresas/Empresa/30712678506
,CUYO AVAL SGR,31853,30709506281,https://www.cnv.gov.ar/SitioWeb/Empresas/Empresa/30709506281
,DARUMA PAGOS S.A.,104709,30716155680,https://www.cnv.gov.ar/SitioWeb/Empresas/Empresa/30716155680
,DATASTAR ARGENTINA S.A.,31893,30702024834,https://www.cnv.gov.ar/SitioWeb/Empresas/Empresa/30702024834
,Del Fabro Hnos y Cia S.A.,31986,30657040807,https://www.cnv.gov.ar/SitioWeb/Empresas/Empresa/30657040807
,DEMAGRO SRL.,104427,30707912673,https://www.cnv.gov.ar/SitioWeb/Empresas/Empresa/30707912673
,DEPOSITO FISCAL CORDOBA S.A.,105351,33715757929,https://www.cnv.gov.ar/SitioWeb/Empresas/Empresa/33715757929
,DERENTAS SRL,106063,30717423980,https://www.cnv.gov.ar/SitioWeb/Empresas/Empresa/30717423980
,DESDELSUR S A,102477,30629401888,https://www.cnv.gov.ar/SitioWeb/Empresas/Empresa/30629401888
,DIAZ RIGANTI CEREALES S.A.,30683,30551518694,https://www.cnv.gov.ar/SitioWeb/Empresas/Empresa/30551518694
,DIEGO ZAMORA E HIJO S.R.L.,104369,30628029780,https://www.cnv.gov.ar/SitioWeb/Empresas/Empresa/30628029780
,DIESEL LANGE S R L,100312,33574441639,https://www.cnv.gov.ar/SitioWeb/Empresas/Empresa/33574441639
,DIRANSA SRL,102485,30605481627,https://www.cnv.gov.ar/SitioWeb/Empresas/Empresa/30605481627
,DISAL S.A.,30483,30621181838,https://www.cnv.gov.ar/SitioWeb/Empresas/Empresa/30621181838
,Distribuidora de Gas Cuyana,975,33657865589,https://www.cnv.gov.ar/SitioWeb/Empresas/Empresa/33657865589
,DOMAINE BOUSQUET S.A.,100080,30710213085,https://www.cnv.gov.ar/SitioWeb/Empresas/Empresa/30710213085
,Domec Cia. de Artefactos Domesticos,85,30501999470,https://www.cnv.gov.ar/SitioWeb/Empresas/Empresa/30501999470
,DON MARIO SGR,31854,30708603844,https://www.cnv.gov.ar/SitioWeb/Empresas/Empresa/30708603844
,Dos Banderas S.A.,100009,30712554114,https://www.cnv.gov.ar/SitioWeb/Empresas/Empresa/30712554114
,DOSAM S.R.L.,32080,30591435562,https://www.cnv.gov.ar/SitioWeb/Empresas/Empresa/30591435562
,DROGUERIA CENTRAL S.A.S,105349,30716713438,https://www.cnv.gov.ar/SitioWeb/Empresas/Empresa/30716713438
,Dulcor S.A.,30199,30547596826,https://www.cnv.gov.ar/SitioWeb/Empresas/Empresa/30547596826
,Ebucar S.A.,30263,30709033553,https://www.cnv.gov.ar/SitioWeb/Empresas/Empresa/30709033553
,ECOFACTORY S.R.L.,104549,30711336105,https://www.cnv.gov.ar/SitioWeb/Empresas/Empresa/30711336105
,ECOGAS INVERSIONES S.A.,105391,30658275522,https://www.cnv.gov.ar/SitioWeb/Empresas/Empresa/30658275522
,ECOSUR BAHIA SOCIEDAD ANONIMA,104983,30505607925,https://www.cnv.gov.ar/SitioWeb/Empresas/Empresa/30505607925
,Edesa Holding S.A.,30297,30712506497,https://www.cnv.gov.ar/SitioWeb/Empresas/Empresa/30712506497
,Edesal Holding S.A.,30298,30712506594,https://www.cnv.gov.ar/SitioWeb/Empresas/Empresa/30712506594
,Edisur S.A.,5068,30709418943,https://www.cnv.gov.ar/SitioWeb/Empresas/Empresa/30709418943
,EL HINOJO S.A.,104448,30710686013,https://www.cnv.gov.ar/SitioWeb/Empresas/Empresa/30710686013
,EL NORTE CORDOBES SRL,102808,30644961083,https://www.cnv.gov.ar/SitioWeb/Empresas/Empresa/30644961083
,El paso del Virrey S.A.,32273,30700099780,https://www.cnv.gov.ar/SitioWeb/Empresas/Empresa/30700099780
,Electromac,93,30561852908,https://www.cnv.gov.ar/SitioWeb/Empresas/Empresa/30561852908
,Emp. Distribuidora de Electricidad de Mendoza S.A.,452,30699542454,https://www.cnv.gov.ar/SitioWeb/Empresas/Empresa/30699542454
,Empresa Distribuidora de Electricidad de Salta S.A,3084,30690633635,https://www.cnv.gov.ar/SitioWeb/Empresas/Empresa/30690633635
,Empresa Distribuidora Sur S.A.,251,30655116512,https://www.cnv.gov.ar/SitioWeb/Empresas/Empresa/30655116512
,Empresa Distribuidora y Comercializadora Norte SA,2005,30655116202,https://www.cnv.gov.ar/SitioWeb/Empresas/Empresa/30655116202
,ESKABE S.A.,32212,30503339788,https://www.cnv.gov.ar/SitioWeb/Empresas/Empresa/30503339788
,ESQUINA 3 S.A.,32095,30712285539,https://www.cnv.gov.ar/SitioWeb/Empresas/Empresa/30712285539
,ESTABLECIMIENTO DON AVELINO SRL,104095,30634259569,https://www.cnv.gov.ar/SitioWeb/Empresas/Empresa/30634259569
,ESTACION DE SERVICIOS 25 DE MAYO S.R.L.,105047,33708128649,https://www.cnv.gov.ar/SitioWeb/Empresas/Empresa/33708128649
,ESTANCIA EL AZUL S A,104489,30554681383,https://www.cnv.gov.ar/SitioWeb/Empresas/Empresa/30554681383
,ESTREMAR  S. A. U.,105713,30675753365,https://www.cnv.gov.ar/SitioWeb/Empresas/Empresa/30675753365
,ESTRUCTURAS SACICIYF,103909,30504484455,https://www.cnv.gov.ar/SitioWeb/Empresas/Empresa/30504484455
,EXPRESO LANCIONI S.A.,105604,30708847247,https://www.cnv.gov.ar/SitioWeb/Empresas/Empresa/30708847247
,FARMCITY SA,105649,30692138747,https://www.cnv.gov.ar/SitioWeb/Empresas/Empresa/30692138747
,FCA COMPAÑÍA FINANCIERA S.A.,31406,30692304884,https://www.cnv.gov.ar/SitioWeb/Empresas/Empresa/30692304884
,FERRETERA CENTRAL JT S.R.L.,105074,30714228346,https://www.cnv.gov.ar/SitioWeb/Empresas/Empresa/30714228346
,FERRETERIA DEL NORTE S.R.L.,104291,30707816410,https://www.cnv.gov.ar/SitioWeb/Empresas/Empresa/30707816410
,Ferrum S.A. de Cerámica y Metalurgia,97,30525341263,https://www.cnv.gov.ar/SitioWeb/Empresas/Empresa/30525341263
,FID AVAL SGR,31855,33709003459,https://www.cnv.gov.ar/SitioWeb/Empresas/Empresa/33709003459
,FIDEICOMISO DE GARANTIAS PAMPEANAS,104234,30717090930,https://www.cnv.gov.ar/SitioWeb/Empresas/Empresa/30717090930
,"FIDEICOMISO FDO DE GTÍAS PARA EL DESARROLLO DE MICRO, PEQUEÑAS Y MEDIANAS EMPRESAS PCIA DE MISIONES",106051,30718715020,https://www.cnv.gov.ar/SitioWeb/Empresas/Empresa/30718715020
,FIDEM S.G.R.,100370,30716459809,https://www.cnv.gov.ar/SitioWeb/Empresas/Empresa/30716459809
,FINANLEASE S.A.,106341,33717755729,https://www.cnv.gov.ar/SitioWeb/Empresas/Empresa/33717755729
,FINCAS DEL ROSARIO SRL,32079,30709824542,https://www.cnv.gov.ar/SitioWeb/Empresas/Empresa/30709824542
,FINTECH S.G.R.,100371,33716680989,https://www.cnv.gov.ar/SitioWeb/Empresas/Empresa/33716680989
,Fiplasto S.A.,99,30502112259,https://www.cnv.gov.ar/SitioWeb/Empresas/Empresa/30502112259
,FOGABA,31856,30684577073,https://www.cnv.gov.ar/SitioWeb/Empresas/Empresa/30684577073
,FOGACH,100356,30714160350,https://www.cnv.gov.ar/SitioWeb/Empresas/Empresa/30714160350
,FOGAJUY FIDEICOMISO PUBLICO,105525,30717902471,https://www.cnv.gov.ar/SitioWeb/Empresas/Empresa/30717902471
,FOGAPLAR,31858,30714395668,https://www.cnv.gov.ar/SitioWeb/Empresas/Empresa/30714395668
,FONDO DE GARANTIA CATAMARCA S.A. P. E. M.,105049,30718244095,https://www.cnv.gov.ar/SitioWeb/Empresas/Empresa/30718244095
,FONDO DE GARANTIA CFI FIDEICOMISO,104545,30717946681,https://www.cnv.gov.ar/SitioWeb/Empresas/Empresa/30717946681
,FONDO DE GARANTIA PARA EL DESARROLLO FUEGUINO S.A.P.E.M. FOGADEF,104220,33716230029,https://www.cnv.gov.ar/SitioWeb/Empresas/Empresa/33716230029
,FONDO DE GARANTIAS ENTRE RIOS S.A. C/PART. ESTATAL MAYORIT. FO.GA.ER. S.A.P,103918,30714983284,https://www.cnv.gov.ar/SitioWeb/Empresas/Empresa/30714983284
,Fortecar S.A.,32232,33708285809,https://www.cnv.gov.ar/SitioWeb/Empresas/Empresa/33708285809
,Fraher Group S.A,31928,30710987218,https://www.cnv.gov.ar/SitioWeb/Empresas/Empresa/30710987218
,FRANKLIN BOGLICH S.A.,100205,30622977652,https://www.cnv.gov.ar/SitioWeb/Empresas/Empresa/30622977652
,FRIGORIFICO GENERAL PICO S A,104187,30585790822,https://www.cnv.gov.ar/SitioWeb/Empresas/Empresa/30585790822
,FUTUROS Y OPCIONES.COM S.A.,30902,30703605105,https://www.cnv.gov.ar/SitioWeb/Empresas/Empresa/30703605105
,GALERENT  S. A.,104909,30715157299,https://www.cnv.gov.ar/SitioWeb/Empresas/Empresa/30715157299
,GARANTIA SAN JUAN SOCIEDAD ANONIMA CON PARTICIPACION ESTATAL MAYORITARIA,104255,30715652079,https://www.cnv.gov.ar/SitioWeb/Empresas/Empresa/30715652079
,Garantías BIND SGR (EX GARANTÍA DE VALORES SGR),31859,30708609915,https://www.cnv.gov.ar/SitioWeb/Empresas/Empresa/30708609915
,GARANTIZAR  SGR,31860,30688331761,https://www.cnv.gov.ar/SitioWeb/Empresas/Empresa/30688331761
,Garcia Reguera,103,33528807939,https://www.cnv.gov.ar/SitioWeb/Empresas/Empresa/33528807939
,Garovaglio y Zorraquin S.A.,196,30509284861,https://www.cnv.gov.ar/SitioWeb/Empresas/Empresa/30509284861
,GARRO FABRIL SOCIEDAD ANONIMA,104188,30539301388,https://www.cnv.gov.ar/SitioWeb/Empresas/Empresa/30539301388
,Gas y Petróleo del Neuquén S.A.,30338,30710820771,https://www.cnv.gov.ar/SitioWeb/Empresas/Empresa/30710820771
,GASTALDI HNOS S A I Y C F E I,104119,30539081086,https://www.cnv.gov.ar/SitioWeb/Empresas/Empresa/30539081086
,GATTO HERMANOS S.R.L.,104475,30593773260,https://www.cnv.gov.ar/SitioWeb/Empresas/Empresa/30593773260
,GCDI S.A.,30223,30709282537,https://www.cnv.gov.ar/SitioWeb/Empresas/Empresa/30709282537
,GENERACION LITORAL S.A.,104325,33715184139,https://www.cnv.gov.ar/SitioWeb/Empresas/Empresa/33715184139
,Generacion Mediterranea S.A.,30291,30682434720,https://www.cnv.gov.ar/SitioWeb/Empresas/Empresa/30682434720
,GENNEIA S.A.,30288,30665234114,https://www.cnv.gov.ar/SitioWeb/Empresas/Empresa/30665234114
,GENTE DE LA PAMPA S A,104548,30581320589,https://www.cnv.gov.ar/SitioWeb/Empresas/Empresa/30581320589
,GeoPark Argentina SA,105245,30642555274,https://www.cnv.gov.ar/SitioWeb/Empresas/Empresa/30642555274
,GEORGALOS HNOS S A I C A,102756,30516139451,https://www.cnv.gov.ar/SitioWeb/Empresas/Empresa/30516139451
,GESTION DE PRESTAMOS Y COBRANZAS S.A.,102836,33715043519,https://www.cnv.gov.ar/SitioWeb/Empresas/Empresa/33715043519
,GESTION INMOBILIARIA DEL NORTE S.A.,103920,30712078797,https://www.cnv.gov.ar/SitioWeb/Empresas/Empresa/30712078797
,GEVAL S.A.,103924,33710562879,https://www.cnv.gov.ar/SitioWeb/Empresas/Empresa/33710562879
,GHIGGERI MOTOS S.R.L.,32191,30657495081,https://www.cnv.gov.ar/SitioWeb/Empresas/Empresa/30657495081
,Global Valores S.A.,32052,30708537272,https://www.cnv.gov.ar/SitioWeb/Empresas/Empresa/30708537272
,GOLDMUND S.A.,104997,30708603879,https://www.cnv.gov.ar/SitioWeb/Empresas/Empresa/30708603879
,GOMEZ MANCUSO JUAN PABLO,105362,20309158955,https://www.cnv.gov.ar/SitioWeb/Empresas/Empresa/20309158955
,GPAT COMPAÑÍA FINANCIERA S.A.U.,32265,30678564822,https://www.cnv.gov.ar/SitioWeb/Empresas/Empresa/30678564822
,Granville S.A.,32234,30693380835,https://www.cnv.gov.ar/SitioWeb/Empresas/Empresa/30693380835
,Grimoldi S.A.,107,30500781293,https://www.cnv.gov.ar/SitioWeb/Empresas/Empresa/30500781293
,GRUAS SAN BLAS S A,100157,30660920451,https://www.cnv.gov.ar/SitioWeb/Empresas/Empresa/30660920451
,GRUPO ALIMENTICIO S A,102708,30708029781,https://www.cnv.gov.ar/SitioWeb/Empresas/Empresa/30708029781
,Grupo Clarín S.A.,5087,30707001735,https://www.cnv.gov.ar/SitioWeb/Empresas/Empresa/30707001735
,Grupo Cohen S.A.,30258,30709199966,https://www.cnv.gov.ar/SitioWeb/Empresas/Empresa/30709199966
,Grupo Concesionario del Oeste S.A.,3348,30663498513,https://www.cnv.gov.ar/SitioWeb/Empresas/Empresa/30663498513
,Grupo Financiero Galicia S.A.,3353,30704962807,https://www.cnv.gov.ar/SitioWeb/Empresas/Empresa/30704962807
,Grupo ST S.A.,31323,30708633417,https://www.cnv.gov.ar/SitioWeb/Empresas/Empresa/30708633417
,Grupo Supervielle S.A.,30230,30617442937,https://www.cnv.gov.ar/SitioWeb/Empresas/Empresa/30617442937
,GRUPO VUASA S.A.,31942,30711295956,https://www.cnv.gov.ar/SitioWeb/Empresas/Empresa/30711295956
,GUALOK SRL,104581,30640576428,https://www.cnv.gov.ar/SitioWeb/Empresas/Empresa/30640576428
,GUIA INVERSIONES S A,104332,30717653331,https://www.cnv.gov.ar/SitioWeb/Empresas/Empresa/30717653331
,HALPERN  S R L,104356,30709107891,https://www.cnv.gov.ar/SitioWeb/Empresas/Empresa/30709107891
,HATTRICK ENERGY SAS,105119,30715857460,https://www.cnv.gov.ar/SitioWeb/Empresas/Empresa/30715857460
,HAVANNA HOLDING S.A.,30389,30708544082,https://www.cnv.gov.ar/SitioWeb/Empresas/Empresa/30708544082
,HAVANNA S A,105721,33697235049,https://www.cnv.gov.ar/SitioWeb/Empresas/Empresa/33697235049
,HECTOR A. BERTONE S.A,100180,30708587415,https://www.cnv.gov.ar/SitioWeb/Empresas/Empresa/30708587415
,HERFEAN FRANQUICIAS ALIMENTICIAS SRL,32076,30715027484,https://www.cnv.gov.ar/SitioWeb/Empresas/Empresa/30715027484
,HIDROTEC S.A.,104313,30711075905,https://www.cnv.gov.ar/SitioWeb/Empresas/Empresa/30711075905
,HIJOS DE SALVADOR MUÑOZ S.A.,102536,30659151185,https://www.cnv.gov.ar/SitioWeb/Empresas/Empresa/30659151185
,HITCOWORK SA,105144,30717685136,https://www.cnv.gov.ar/SitioWeb/Empresas/Empresa/30717685136
,HMSI S.A.,32269,30704958818,https://www.cnv.gov.ar/SitioWeb/Empresas/Empresa/30704958818
,Hogar y Tecnología S.A.,100003,30712245634,https://www.cnv.gov.ar/SitioWeb/Empresas/Empresa/30712245634
,Holcim (Argentina) S.A.,30277,30501111127,https://www.cnv.gov.ar/SitioWeb/Empresas/Empresa/30501111127
,HOLDSAT S. A.,104783,30718288718,https://www.cnv.gov.ar/SitioWeb/Empresas/Empresa/30718288718
,HORWATH CONSULTING S.A.,32271,30650312690,https://www.cnv.gov.ar/SitioWeb/Empresas/Empresa/30650312690
,I A D SRL,100329,30709921084,https://www.cnv.gov.ar/SitioWeb/Empresas/Empresa/30709921084
,IEB CONSTRUCCIONES S.A.,579,33516294189,https://www.cnv.gov.ar/SitioWeb/Empresas/Empresa/33516294189
,IMPSA S.A.,219,30501466464,https://www.cnv.gov.ar/SitioWeb/Empresas/Empresa/30501466464
,INALPA INDUSTRIAS ALIMENTICIAS PAVON ARRIBA S.A.,100423,30567020734,https://www.cnv.gov.ar/SitioWeb/Empresas/Empresa/30567020734
,INCLUSION FINANCIERA INTEGRAL S.R.L.,105656,30718592425,https://www.cnv.gov.ar/SitioWeb/Empresas/Empresa/30718592425
,INDUPLACK S.A.,32127,30710473400,https://www.cnv.gov.ar/SitioWeb/Empresas/Empresa/30710473400
,INDUSTRIAL AND COMMERCIAL BANK OF CHINA (ARGENTINA) S.A.U.,30440,30709447846,https://www.cnv.gov.ar/SitioWeb/Empresas/Empresa/30709447846
,INNOVA S.G.R.,102482,30716574314,https://www.cnv.gov.ar/SitioWeb/Empresas/Empresa/30716574314
,INNOVAGRO SOCIEDAD DE RESPONSABILIDAD LIMITADA,104278,30710216874,https://www.cnv.gov.ar/SitioWeb/Empresas/Empresa/30710216874
,INSTITUTO ROSENBUSCH S.A. DE BIOLOGÍA E Y A,32106,30501407093,https://www.cnv.gov.ar/SitioWeb/Empresas/Empresa/30501407093
,INSUGA CHACO S.A.,102546,33711217679,https://www.cnv.gov.ar/SitioWeb/Empresas/Empresa/33711217679
,Insumos Agroquímicos S.A.,5053,30708090286,https://www.cnv.gov.ar/SitioWeb/Empresas/Empresa/30708090286
,INTEGRA PYMES SGR,31862,30715046012,https://www.cnv.gov.ar/SitioWeb/Empresas/Empresa/30715046012
,INTERCONNECT SA,105711,33688256149,https://www.cnv.gov.ar/SitioWeb/Empresas/Empresa/33688256149
,INVAP S.A.U.,30209,30585581247,https://www.cnv.gov.ar/SitioWeb/Empresas/Empresa/30585581247
,Inversora Electrica de Buenos Aires S.A.,3061,30693160789,https://www.cnv.gov.ar/SitioWeb/Empresas/Empresa/30693160789
,Inversora Juramento S.A.,30224,30640285431,https://www.cnv.gov.ar/SitioWeb/Empresas/Empresa/30640285431
,IRSA Inversiones y Representaciones S.A.,124,30525322749,https://www.cnv.gov.ar/SitioWeb/Empresas/Empresa/30525322749
,ITALAR S.R.L.,104536,33708929579,https://www.cnv.gov.ar/SitioWeb/Empresas/Empresa/33708929579
,IUDU COMPAÑÍA FINANCIERA S.A.,30259,30701810852,https://www.cnv.gov.ar/SitioWeb/Empresas/Empresa/30701810852
,Iwin S.A.,32126,30714502391,https://www.cnv.gov.ar/SitioWeb/Empresas/Empresa/30714502391
,John Deere Credit Compañía Financiera S.A.,30286,30707024859,https://www.cnv.gov.ar/SitioWeb/Empresas/Empresa/30707024859
,JUGOS S A,104552,30577108311,https://www.cnv.gov.ar/SitioWeb/Empresas/Empresa/30577108311
,KLONAL S R L,100126,30574564367,https://www.cnv.gov.ar/SitioWeb/Empresas/Empresa/30574564367
,LABAC SOCIEDAD ANONIMA,104851,30715237446,https://www.cnv.gov.ar/SitioWeb/Empresas/Empresa/30715237446
,LABORATORIO KEMEX  SA,104189,30708694173,https://www.cnv.gov.ar/SitioWeb/Empresas/Empresa/30708694173
,LABORATORIOS PEYTE S.A.,104333,30714487295,https://www.cnv.gov.ar/SitioWeb/Empresas/Empresa/30714487295
,"LABORATORIOS RICHMOND SOCIEDAD ANONIMA, COMERCIAL,",30290,30501152826,https://www.cnv.gov.ar/SitioWeb/Empresas/Empresa/30501152826
,LANGE AGROPECUARIA SOCIEDAD ANONIMA,104452,30671542343,https://www.cnv.gov.ar/SitioWeb/Empresas/Empresa/30671542343
,LATAMLY S. A.,105934,30710716923,https://www.cnv.gov.ar/SitioWeb/Empresas/Empresa/30710716923
,LATIN AMERICA POSTAL SA,104082,30663150614,https://www.cnv.gov.ar/SitioWeb/Empresas/Empresa/30663150614
,LATITUD 45 PETROLEO Y GAS S.A.,102785,30714108235,https://www.cnv.gov.ar/SitioWeb/Empresas/Empresa/30714108235
,Ledesma S.A.,137,30501250305,https://www.cnv.gov.ar/SitioWeb/Empresas/Empresa/30501250305
,LILIANA S R L,104512,30516877223,https://www.cnv.gov.ar/SitioWeb/Empresas/Empresa/30516877223
,Lipsa SRL,31954,30711566771,https://www.cnv.gov.ar/SitioWeb/Empresas/Empresa/30711566771
,LISMAR SUR S.A.,102811,30712012974,https://www.cnv.gov.ar/SitioWeb/Empresas/Empresa/30712012974
,Loma Negra  CIASA,31905,30500530851,https://www.cnv.gov.ar/SitioWeb/Empresas/Empresa/30500530851
,Longvie,140,30500833781,https://www.cnv.gov.ar/SitioWeb/Empresas/Empresa/30500833781
,LOS GROBO AGROPECUARIA S.A.,30849,30604456475,https://www.cnv.gov.ar/SitioWeb/Empresas/Empresa/30604456475
,LOS HAROLDOS SOCIEDAD ANONIMA,104515,30672112148,https://www.cnv.gov.ar/SitioWeb/Empresas/Empresa/30672112148
,LOS VALIENTES SOCIEDAD ANONIMA,104849,30714954071,https://www.cnv.gov.ar/SitioWeb/Empresas/Empresa/30714954071
,LUZ DE TRES PICOS S.A.,102488,30715399128,https://www.cnv.gov.ar/SitioWeb/Empresas/Empresa/30715399128
,M Y M NET S R L,104292,30707530169,https://www.cnv.gov.ar/SitioWeb/Empresas/Empresa/30707530169
,MADECO ARGENTINA S.A.,102776,30714645842,https://www.cnv.gov.ar/SitioWeb/Empresas/Empresa/30714645842
,MADERO HARBOUR S.A.,104580,33657476639,https://www.cnv.gov.ar/SitioWeb/Empresas/Empresa/33657476639
,MAIOCCO CEREALES S.A.,104374,30709243752,https://www.cnv.gov.ar/SitioWeb/Empresas/Empresa/30709243752
,MAQUINAS AGRICOLAS OMBU  S. A.,105209,30642412899,https://www.cnv.gov.ar/SitioWeb/Empresas/Empresa/30642412899
,Mastellone Hermanos S.A.,1015,30547242331,https://www.cnv.gov.ar/SitioWeb/Empresas/Empresa/30547242331
,MATERIA HNOS SOCIEDAD ANONIMA COMERCIAL INDUSTRIAL Y FINANCIERA,106159,30505839222,https://www.cnv.gov.ar/SitioWeb/Empresas/Empresa/30505839222
,MATESUR S.A,104404,30707132724,https://www.cnv.gov.ar/SitioWeb/Empresas/Empresa/30707132724
,MATIAS RUIZ Y CIA S.A,105961,30707955267,https://www.cnv.gov.ar/SitioWeb/Empresas/Empresa/30707955267
,MAXIMIA SA,105405,30708442409,https://www.cnv.gov.ar/SitioWeb/Empresas/Empresa/30708442409
,Maxisur S.A.,32025,30691548364,https://www.cnv.gov.ar/SitioWeb/Empresas/Empresa/30691548364
,Meranol S.A.C.I.,30249,30500645772,https://www.cnv.gov.ar/SitioWeb/Empresas/Empresa/30500645772
,Mercado Argentino de Valores S.A,32117,30529177875,https://www.cnv.gov.ar/SitioWeb/Empresas/Empresa/30529177875
,MERCADO PAGO SERVICIOS DE PROCESAMIENTO S.R.L,105629,30716999498,https://www.cnv.gov.ar/SitioWeb/Empresas/Empresa/30716999498
,Mercedes-Benz Compañía Financiera Argentina S.A.,30193,30707002294,https://www.cnv.gov.ar/SitioWeb/Empresas/Empresa/30707002294
,MERIDIANO NORTE S.A.,104486,30707418849,https://www.cnv.gov.ar/SitioWeb/Empresas/Empresa/30707418849
,METAGRO S.R.L.,32195,30707371087,https://www.cnv.gov.ar/SitioWeb/Empresas/Empresa/30707371087
,Metalfor S.A.,100043,30646167775,https://www.cnv.gov.ar/SitioWeb/Empresas/Empresa/30646167775
,METALURGICA SERGIO STRAPAZZON S.R.L.,32156,30708732725,https://www.cnv.gov.ar/SitioWeb/Empresas/Empresa/30708732725
,Metrogas S.A.,249,30657863676,https://www.cnv.gov.ar/SitioWeb/Empresas/Empresa/30657863676
,MIGUEL RAMIREZ E HIJO S.R.L.,104249,30715207237,https://www.cnv.gov.ar/SitioWeb/Empresas/Empresa/30715207237
,Milicic S.A.,30309,30622317784,https://www.cnv.gov.ar/SitioWeb/Empresas/Empresa/30622317784
,MILKYNET S.A.,105121,33717152749,https://www.cnv.gov.ar/SitioWeb/Empresas/Empresa/33717152749
,MILLS S.G.R.,102584,30716604612,https://www.cnv.gov.ar/SitioWeb/Empresas/Empresa/30716604612
,MINAS ARGENTINAS S. A.,105542,30677262466,https://www.cnv.gov.ar/SitioWeb/Empresas/Empresa/30677262466
,MINERA EXAR SA,104964,30709667587,https://www.cnv.gov.ar/SitioWeb/Empresas/Empresa/30709667587
,Mirgor,1003,30578036071,https://www.cnv.gov.ar/SitioWeb/Empresas/Empresa/30578036071
,Molinos Agro S.A.,32039,30715118773,https://www.cnv.gov.ar/SitioWeb/Empresas/Empresa/30715118773
,Molinos Juan Semino S.A.,158,30536928703,https://www.cnv.gov.ar/SitioWeb/Empresas/Empresa/30536928703
,MOLINOS RÍO DE LA PLATA S.A.,30746,30500858628,https://www.cnv.gov.ar/SitioWeb/Empresas/Empresa/30500858628
,MOLINOS SYTARI SRL,31998,30658034800,https://www.cnv.gov.ar/SitioWeb/Empresas/Empresa/30658034800
,Morixe Hnos S.A.,160,30525346389,https://www.cnv.gov.ar/SitioWeb/Empresas/Empresa/30525346389
,MOVIL SGR,102476,33716492279,https://www.cnv.gov.ar/SitioWeb/Empresas/Empresa/33716492279
,MSU ENERGY S.A.,32002,30714378402,https://www.cnv.gov.ar/SitioWeb/Empresas/Empresa/30714378402
,MSU GREEN ENERGY S.A.,104496,30714155128,https://www.cnv.gov.ar/SitioWeb/Empresas/Empresa/30714155128
,MSU S.A.,30304,30607597193,https://www.cnv.gov.ar/SitioWeb/Empresas/Empresa/30607597193
,NATURGY BAN S.A.,500,30657864117,https://www.cnv.gov.ar/SitioWeb/Empresas/Empresa/30657864117
,Navarro S.A.,30118,30707012672,https://www.cnv.gov.ar/SitioWeb/Empresas/Empresa/30707012672
,NESTOR GASTALDI E HIJOS S.R.L.,102664,30708059435,https://www.cnv.gov.ar/SitioWeb/Empresas/Empresa/30708059435
,NEUQUEN PYMES  SGR,102793,30716490587,https://www.cnv.gov.ar/SitioWeb/Empresas/Empresa/30716490587
,NEWSAN S.A.,30197,30642617555,https://www.cnv.gov.ar/SitioWeb/Empresas/Empresa/30642617555
,NUEVAS TIERRAS S.A.,104510,30708132337,https://www.cnv.gov.ar/SitioWeb/Empresas/Empresa/30708132337
,NUEVO BANCO DE ENTRE RIOS S.A.,30392,33707995519,https://www.cnv.gov.ar/SitioWeb/Empresas/Empresa/33707995519
,Nuevo Banco de Santa Fe S. A.,30348,30692432661,https://www.cnv.gov.ar/SitioWeb/Empresas/Empresa/30692432661
,NUEVO BANCO DEL CHACO S.A.,30383,30670157799,https://www.cnv.gov.ar/SitioWeb/Empresas/Empresa/30670157799
,Nuevo Continente S.A.,3355,30707101438,https://www.cnv.gov.ar/SitioWeb/Empresas/Empresa/30707101438
,OLEODUCTOS DEL VALLE SOCIEDAD ANONIMA,104225,30658840165,https://www.cnv.gov.ar/SitioWeb/Empresas/Empresa/30658840165
,ORYZA SA,100330,30708630272,https://www.cnv.gov.ar/SitioWeb/Empresas/Empresa/30708630272
,OTAMERICA EBYTEM S.A.,104123,30658839523,https://www.cnv.gov.ar/SitioWeb/Empresas/Empresa/30658839523
,OVERSEAS PROPERTIES S.A.,100107,30711457549,https://www.cnv.gov.ar/SitioWeb/Empresas/Empresa/30711457549
,Ovoprot International S.A.,5072,30707807810,https://www.cnv.gov.ar/SitioWeb/Empresas/Empresa/30707807810
,P S ANESTHESIA S A,106463,30708432195,https://www.cnv.gov.ar/SitioWeb/Empresas/Empresa/30708432195
,PALLETS JAUREGUI SOCIEDAD ANONIMA,105048,30711424195,https://www.cnv.gov.ar/SitioWeb/Empresas/Empresa/30711424195
,Pampa Energía S.A.,30775,30526552659,https://www.cnv.gov.ar/SitioWeb/Empresas/Empresa/30526552659
,Pan American Energy,380,30695542476,https://www.cnv.gov.ar/SitioWeb/Empresas/Empresa/30695542476
,Papel Prensa S.A.,171,30548274997,https://www.cnv.gov.ar/SitioWeb/Empresas/Empresa/30548274997
,PARAMERICA S A,104068,30697172773,https://www.cnv.gov.ar/SitioWeb/Empresas/Empresa/30697172773
,PAREDES CONSTRUCCIONES S.R.L.,32164,30711399794,https://www.cnv.gov.ar/SitioWeb/Empresas/Empresa/30711399794
,PATAGONIA S.G.R.,104910,33718082639,https://www.cnv.gov.ar/SitioWeb/Empresas/Empresa/33718082639
,PATAGONIAN FRUITS S.A.,102573,30690967541,https://www.cnv.gov.ar/SitioWeb/Empresas/Empresa/30690967541
,Patricios S.A.I.C.,275,30502640832,https://www.cnv.gov.ar/SitioWeb/Empresas/Empresa/30502640832
,PAYEX,105012,30717351076,https://www.cnv.gov.ar/SitioWeb/Empresas/Empresa/30717351076
,PECOM SERVICIOS ENERGIA S.A.U.,105196,30654424698,https://www.cnv.gov.ar/SitioWeb/Empresas/Empresa/30654424698
,PEDROLGA S.A.,106141,30651084241,https://www.cnv.gov.ar/SitioWeb/Empresas/Empresa/30651084241
,PELAYO AGRONOMIA S.A.,103932,30709201219,https://www.cnv.gov.ar/SitioWeb/Empresas/Empresa/30709201219
,PETROAGRO S.A.,32005,30630720911,https://www.cnv.gov.ar/SitioWeb/Empresas/Empresa/30630720911
,PETROLEOS SUDAMERICANOS SA,104084,33652607689,https://www.cnv.gov.ar/SitioWeb/Empresas/Empresa/33652607689
,Petroquímica Comodoro Rivadavia S.A.,311,30563598111,https://www.cnv.gov.ar/SitioWeb/Empresas/Empresa/30563598111
,PETROSURCO SA,104173,30615341130,https://www.cnv.gov.ar/SitioWeb/Empresas/Empresa/30615341130
,PHILAGRO S.A,104458,33709972699,https://www.cnv.gov.ar/SitioWeb/Empresas/Empresa/33709972699
,PILISAR SOCIEDAD ANONIMA,103955,33709180849,https://www.cnv.gov.ar/SitioWeb/Empresas/Empresa/33709180849
,PISCINAS PREMIUM S.A.,104048,30711338787,https://www.cnv.gov.ar/SitioWeb/Empresas/Empresa/30711338787
,PLASTAR BUENOS AIRES SOCIEDAD ANONIMA,106308,30657047763,https://www.cnv.gov.ar/SitioWeb/Empresas/Empresa/30657047763
,Plaza Logística S.R.L.,31961,30655942382,https://www.cnv.gov.ar/SitioWeb/Empresas/Empresa/30655942382
,PLUMADA S.A.,32223,30690657585,https://www.cnv.gov.ar/SitioWeb/Empresas/Empresa/30690657585
,PLUSPETROL SA,105434,30678224010,https://www.cnv.gov.ar/SitioWeb/Empresas/Empresa/30678224010
,Polledo S.A.I.C.F.,179,30538748478,https://www.cnv.gov.ar/SitioWeb/Empresas/Empresa/30538748478
,POTENCIAR SGR,31871,30714936901,https://www.cnv.gov.ar/SitioWeb/Empresas/Empresa/30714936901
,PRESIDENT PETROLEUM S.A.,102810,30711913439,https://www.cnv.gov.ar/SitioWeb/Empresas/Empresa/30711913439
,PRIGIONI AGRO SRL,105680,30714436194,https://www.cnv.gov.ar/SitioWeb/Empresas/Empresa/30714436194
,PRO DE MAN SOCIEDAD ANONIMA,104043,33669088499,https://www.cnv.gov.ar/SitioWeb/Empresas/Empresa/33669088499
,PROCESOS INDUSTRIALES METALLO SA,105370,30716855372,https://www.cnv.gov.ar/SitioWeb/Empresas/Empresa/30716855372
,PROCHEM BIO SA.,105028,30710218192,https://www.cnv.gov.ar/SitioWeb/Empresas/Empresa/30710218192
,PROFERTIL S A,102554,30691576511,https://www.cnv.gov.ar/SitioWeb/Empresas/Empresa/30691576511
,Promedon S.A.,5074,30619780635,https://www.cnv.gov.ar/SitioWeb/Empresas/Empresa/30619780635
,PROMOVER SGR,31863,30708741775,https://www.cnv.gov.ar/SitioWeb/Empresas/Empresa/30708741775
,PROSEIND SA,100047,30707009892,https://www.cnv.gov.ar/SitioWeb/Empresas/Empresa/30707009892
,PSA Finance Argentina Compañía Financiera S.A.,30189,30707847367,https://www.cnv.gov.ar/SitioWeb/Empresas/Empresa/30707847367
,PUBLICIDAD SARMIENTO S.A.,32097,30543217936,https://www.cnv.gov.ar/SitioWeb/Empresas/Empresa/30543217936
,PUENTE HNOS. S.A.,30909,30701027074,https://www.cnv.gov.ar/SitioWeb/Empresas/Empresa/30701027074
,PUENTE NOGUEIRA SRL,104314,30696748191,https://www.cnv.gov.ar/SitioWeb/Empresas/Empresa/30696748191
,PUERTO LAS PALMAS S.A.,32013,30712136355,https://www.cnv.gov.ar/SitioWeb/Empresas/Empresa/30712136355
,PYME AVAL  SGR,31864,30715039962,https://www.cnv.gov.ar/SitioWeb/Empresas/Empresa/30715039962
,RADIADORES PRATS S A,104232,30654691726,https://www.cnv.gov.ar/SitioWeb/Empresas/Empresa/30654691726
,Raghsa S.A.,5007,30620880600,https://www.cnv.gov.ar/SitioWeb/Empresas/Empresa/30620880600
,RATTO HNOS SA CFIA,104500,30541416540,https://www.cnv.gov.ar/SitioWeb/Empresas/Empresa/30541416540
,RDA Renting S.A,31909,30712257357,https://www.cnv.gov.ar/SitioWeb/Empresas/Empresa/30712257357
,REBA COMPAÑÍA FINANCIERA S.A.,32178,30628284357,https://www.cnv.gov.ar/SitioWeb/Empresas/Empresa/30628284357
,RECARD S A,104664,30691479400,https://www.cnv.gov.ar/SitioWeb/Empresas/Empresa/30691479400
,REFI PAMPA S.A.,100271,30712156909,https://www.cnv.gov.ar/SitioWeb/Empresas/Empresa/30712156909
,RESILIENCIA SGR,100166,30716219859,https://www.cnv.gov.ar/SitioWeb/Empresas/Empresa/30716219859
,Ribeiro S.A.C.I.F.A. e I.,267,30525966859,https://www.cnv.gov.ar/SitioWeb/Empresas/Empresa/30525966859
,RIBOLDI S A,104398,30557902682,https://www.cnv.gov.ar/SitioWeb/Empresas/Empresa/30557902682
,RICARDO ALMAR E HIJOS SOCIEDAD ANONIMA,32104,30501863129,https://www.cnv.gov.ar/SitioWeb/Empresas/Empresa/30501863129
,RICARDO VENTURINO S.A.,102484,30698318895,https://www.cnv.gov.ar/SitioWeb/Empresas/Empresa/30698318895
,RIG AVALES SGR,102759,30716321149,https://www.cnv.gov.ar/SitioWeb/Empresas/Empresa/30716321149
,Rigolleau S.A.,183,30500526935,https://www.cnv.gov.ar/SitioWeb/Empresas/Empresa/30500526935
,Rizobacter Argentina S.A.,30252,30593174057,https://www.cnv.gov.ar/SitioWeb/Empresas/Empresa/30593174057
,ROAGRO NEGOCIOS S.A.,102812,30710674570,https://www.cnv.gov.ar/SitioWeb/Empresas/Empresa/30710674570
,ROCH S.A.,31126,30638375628,https://www.cnv.gov.ar/SitioWeb/Empresas/Empresa/30638375628
,Rogiro Aceros S.A.,30267,30554668115,https://www.cnv.gov.ar/SitioWeb/Empresas/Empresa/30554668115
,ROLCAR S.A.,105189,30707211942,https://www.cnv.gov.ar/SitioWeb/Empresas/Empresa/30707211942
,Rombo Compañía Financiera S.A.,2681,33707124909,https://www.cnv.gov.ar/SitioWeb/Empresas/Empresa/33707124909
,ROWING SA,105026,30600725447,https://www.cnv.gov.ar/SitioWeb/Empresas/Empresa/30600725447
,RUSTICANA SACIFI,104061,30619044084,https://www.cnv.gov.ar/SitioWeb/Empresas/Empresa/30619044084
,RUTA 3 AUTOMOTORES S.A.,103916,30540127251,https://www.cnv.gov.ar/SitioWeb/Empresas/Empresa/30540127251
,S.A. Importadora y Exp. de La Patagonia,197,30506730038,https://www.cnv.gov.ar/SitioWeb/Empresas/Empresa/30506730038
,S.A. Miguel Campodónico Ltda,30141,33527801309,https://www.cnv.gov.ar/SitioWeb/Empresas/Empresa/33527801309
,S.A. Molinos Fenix,198,30527913493,https://www.cnv.gov.ar/SitioWeb/Empresas/Empresa/30527913493
,S.A. San Miguel A.G.I.C.I. y F.,3067,30511190238,https://www.cnv.gov.ar/SitioWeb/Empresas/Empresa/30511190238
,SAN ANTONIO OIL&GAS S. A. S.,106215,30717869628,https://www.cnv.gov.ar/SitioWeb/Empresas/Empresa/30717869628
,SAN ATANASIO ENERGIA S.A.,31982,30709697338,https://www.cnv.gov.ar/SitioWeb/Empresas/Empresa/30709697338
,SAN BAUTISTA DEL SUR S.A.,100314,30715659340,https://www.cnv.gov.ar/SitioWeb/Empresas/Empresa/30715659340
,SAN DIEGO SEMILLAS SA,104277,30709039020,https://www.cnv.gov.ar/SitioWeb/Empresas/Empresa/30709039020
,SANATORIO CHACO S R L,105993,30545905791,https://www.cnv.gov.ar/SitioWeb/Empresas/Empresa/30545905791
,SAT FINANCIAL PLANNING S.A.,105128,30715360272,https://www.cnv.gov.ar/SitioWeb/Empresas/Empresa/30715360272
,SCANIA CREDIT ARGENTINA S. A. U.,105621,30717023990,https://www.cnv.gov.ar/SitioWeb/Empresas/Empresa/30717023990
,SCC POWER SAN PEDRO S.A.,104062,30715207962,https://www.cnv.gov.ar/SitioWeb/Empresas/Empresa/30715207962
,SEGUFER S.A.,32188,30678145366,https://www.cnv.gov.ar/SitioWeb/Empresas/Empresa/30678145366
,SEGURO AVAL S. G. R.,105206,30718315731,https://www.cnv.gov.ar/SitioWeb/Empresas/Empresa/30718315731
,SERVIPAIS SRL,32120,30688279867,https://www.cnv.gov.ar/SitioWeb/Empresas/Empresa/30688279867
,SES SA,104149,30647727545,https://www.cnv.gov.ar/SitioWeb/Empresas/Empresa/30647727545
,SHORTON ARGENTINA S R L,102697,30701518396,https://www.cnv.gov.ar/SitioWeb/Empresas/Empresa/30701518396
,SICOM S.A.,30301,30711075875,https://www.cnv.gov.ar/SitioWeb/Empresas/Empresa/30711075875
,SIDERSA SA,104345,30615368292,https://www.cnv.gov.ar/SitioWeb/Empresas/Empresa/30615368292
,SIERRAS DE MAZAN S.A.,32112,30653686222,https://www.cnv.gov.ar/SitioWeb/Empresas/Empresa/30653686222
,SILO CHICO S.A.,104483,30665193337,https://www.cnv.gov.ar/SitioWeb/Empresas/Empresa/30665193337
,SINER S A,104371,30697218056,https://www.cnv.gov.ar/SitioWeb/Empresas/Empresa/30697218056
,SION S.A.,30356,30690076043,https://www.cnv.gov.ar/SitioWeb/Empresas/Empresa/30690076043
,Sociedad Comercial del Plata S.A.,200,33526316989,https://www.cnv.gov.ar/SitioWeb/Empresas/Empresa/33526316989
,Sojas Argentinas S.R.L.,100042,30708580771,https://www.cnv.gov.ar/SitioWeb/Empresas/Empresa/30708580771
,SOLIDUM SGR,31865,33708194919,https://www.cnv.gov.ar/SitioWeb/Empresas/Empresa/33708194919
,Southcross Logistics  S.A.,32300,30708361336,https://www.cnv.gov.ar/SitioWeb/Empresas/Empresa/30708361336
,SPAZIOS INMUEBLES S.A.,105518,30715999141,https://www.cnv.gov.ar/SitioWeb/Empresas/Empresa/30715999141
,SPECIAL GRAINS S A,102818,30600615889,https://www.cnv.gov.ar/SitioWeb/Empresas/Empresa/30600615889
,SUC DE GUSTAVO LAGERHEIM SA,104264,30510968413,https://www.cnv.gov.ar/SitioWeb/Empresas/Empresa/30510968413
,Sucursal de Citibank N.A. República Argentina,30568,30500005625,https://www.cnv.gov.ar/SitioWeb/Empresas/Empresa/30500005625
,SURCOS SOCIEDAD ANONIMA,31830,30589527115,https://www.cnv.gov.ar/SitioWeb/Empresas/Empresa/30589527115
,TALLERES METALURGICOS CRUCIANELLI SA,102456,30503423347,https://www.cnv.gov.ar/SitioWeb/Empresas/Empresa/30503423347
,TANGO ENERGY ARGENTINA S.A.,100183,30714814229,https://www.cnv.gov.ar/SitioWeb/Empresas/Empresa/30714814229
,TANTAL ARGENTINA S.R.L.,32258,30536784183,https://www.cnv.gov.ar/SitioWeb/Empresas/Empresa/30536784183
,TARJETA NARANJA S.A.U.,953,30685376349,https://www.cnv.gov.ar/SitioWeb/Empresas/Empresa/30685376349
,Tarjetas del Mar S.A.,951,30681424721,https://www.cnv.gov.ar/SitioWeb/Empresas/Empresa/30681424721
,TECNOMYL SA,100222,30619257487,https://www.cnv.gov.ar/SitioWeb/Empresas/Empresa/30619257487
,TECNORED SA,104125,30709054615,https://www.cnv.gov.ar/SitioWeb/Empresas/Empresa/30709054615
,TECNOVAX S.A.,104322,30708430001,https://www.cnv.gov.ar/SitioWeb/Empresas/Empresa/30708430001
,TECPETROL S.A.,31973,30592665472,https://www.cnv.gov.ar/SitioWeb/Empresas/Empresa/30592665472
,Telecom Argentina S.A.,5029,30639453738,https://www.cnv.gov.ar/SitioWeb/Empresas/Empresa/30639453738
,TERMOELECTRICA SA,102858,30519527703,https://www.cnv.gov.ar/SitioWeb/Empresas/Empresa/30519527703
,TERNIUM ARGENTINA S.A.,32121,30516888241,https://www.cnv.gov.ar/SitioWeb/Empresas/Empresa/30516888241
,TERRAGENE S.A.,102454,30709585939,https://www.cnv.gov.ar/SitioWeb/Empresas/Empresa/30709585939
,TISER S.R.L,32092,30710807333,https://www.cnv.gov.ar/SitioWeb/Empresas/Empresa/30710807333
,Tito Dovio S.A.,32007,30708523239,https://www.cnv.gov.ar/SitioWeb/Empresas/Empresa/30708523239
,TOSTEX S.A.,106511,30708968648,https://www.cnv.gov.ar/SitioWeb/Empresas/Empresa/30708968648
,Toyota Compañía Financiera de Argentina S.A.,30207,30709000426,https://www.cnv.gov.ar/SitioWeb/Empresas/Empresa/30709000426
,TR ARGENTINA SOCIEDAD ANONIMA,104214,33711557879,https://www.cnv.gov.ar/SitioWeb/Empresas/Empresa/33711557879
,TRACE GROUP SOCIEDAD ANONIMA S. A.,104555,30710685696,https://www.cnv.gov.ar/SitioWeb/Empresas/Empresa/30710685696
,TRADIMEX S.A.I y C,32086,30538470895,https://www.cnv.gov.ar/SitioWeb/Empresas/Empresa/30538470895
,Transportadora de Gas del Norte S.A.,292,30657863056,https://www.cnv.gov.ar/SitioWeb/Empresas/Empresa/30657863056
,Transportadora de Gas del Sur S.A.,248,30657862068,https://www.cnv.gov.ar/SitioWeb/Empresas/Empresa/30657862068
,TRANSPORTE PEDUZZI S. A.,105369,30708492384,https://www.cnv.gov.ar/SitioWeb/Empresas/Empresa/30708492384
,TRANSPORTES BOGDAN S.A.,106349,30715340964,https://www.cnv.gov.ar/SitioWeb/Empresas/Empresa/30715340964
,TREFELT ARGENTINA S. A.,106228,30685076248,https://www.cnv.gov.ar/SitioWeb/Empresas/Empresa/30685076248
,TREND SGR,104216,30716644622,https://www.cnv.gov.ar/SitioWeb/Empresas/Empresa/30716644622
,Tresnal Agropecuaria S.A.,32001,33708830599,https://www.cnv.gov.ar/SitioWeb/Empresas/Empresa/33708830599
,TROPFEN S. A.,106400,30715426168,https://www.cnv.gov.ar/SitioWeb/Empresas/Empresa/30715426168
,TROPICAL S.A.,32219,30712490728,https://www.cnv.gov.ar/SitioWeb/Empresas/Empresa/30712490728
,TUX S.A.,102726,30714347159,https://www.cnv.gov.ar/SitioWeb/Empresas/Empresa/30714347159
,UALA BANK S. A. U.,105684,30715654632,https://www.cnv.gov.ar/SitioWeb/Empresas/Empresa/30715654632
,UN TECHO PARA ARGENTINA ASOCIACION CIVIL,102578,30708357363,https://www.cnv.gov.ar/SitioWeb/Empresas/Empresa/30708357363
,UNION SGR,31866,33715214569,https://www.cnv.gov.ar/SitioWeb/Empresas/Empresa/33715214569
,VALENTIN BIANCHI S A C I F,104233,30501678321,https://www.cnv.gov.ar/SitioWeb/Empresas/Empresa/30501678321
,VALERZA S.A.,85145,30714470775,https://www.cnv.gov.ar/SitioWeb/Empresas/Empresa/30714470775
,VILLA NUEVA S.A.,32315,30557913463,https://www.cnv.gov.ar/SitioWeb/Empresas/Empresa/30557913463
,Villanueva e Hijos SA,31884,30710253273,https://www.cnv.gov.ar/SitioWeb/Empresas/Empresa/30710253273
,VINCULOS SGR,31867,30708602791,https://www.cnv.gov.ar/SitioWeb/Empresas/Empresa/30708602791
,VISTA ENERGY ARGENTINA SAU,100156,33515950899,https://www.cnv.gov.ar/SitioWeb/Empresas/Empresa/33515950899
,VITALCAN S.A.,100102,30713322705,https://www.cnv.gov.ar/SitioWeb/Empresas/Empresa/30713322705
,Volkswagen Financial Services Compañía Financiera S.A.,32124,30682419578,https://www.cnv.gov.ar/SitioWeb/Empresas/Empresa/30682419578
,WETPAMPEAN HDRR SA,100409,33715363459,https://www.cnv.gov.ar/SitioWeb/Empresas/Empresa/33715363459
,XEITOSIÑO S.A.,102669,30714659339,https://www.cnv.gov.ar/SitioWeb/Empresas/Empresa/30714659339
,YACOPINI MIRAI S.A.,104397,30715744941,https://www.cnv.gov.ar/SitioWeb/Empresas/Empresa/30715744941
,YACOPINI SUD SA,105554,30709159182,https://www.cnv.gov.ar/SitioWeb/Empresas/Empresa/30709159182
,YPF ENERGÍA ELÉCTRICA S.A.,32201,30714128309,https://www.cnv.gov.ar/SitioWeb/Empresas/Empresa/30714128309
,YPF S.A.,31224,30546689979,https://www.cnv.gov.ar/SitioWeb/Empresas/Empresa/30546689979
,ZAFRA SA,104488,30592486268,https://www.cnv.gov.ar/SitioWeb/Empresas/Empresa/30592486268
,ZOFINGEN SOCIEDAD DE GARANTÍA RECÍPROCA,104911,30718350316,https://www.cnv.gov.ar/SitioWeb/Empresas/Empresa/30718350316
,ZONDA BITCOIN CAPITAL SOCIEDAD ANÓNIMA,113,33500525709,https://www.cnv.gov.ar/SitioWeb/Empresas/Empresa/33500525709
,ZUAMAR S.A.,102861,33712110959,https://www.cnv.gov.ar/SitioWeb/Empresas/Empresa/33712110959
