ticker,cik,nombre,_capex_ttm,_cash,_cfo_ttm,_da_incluye_intangibles,_deuda_total,_diluted_shares,_div_ttm,_ebitda_ttm,_end_datos,_eps_fin_end,_eps_fin_val,_eps_ini_end,_eps_ini_val,_equity,_equity_actual,_equity_actual_end,_equity_previo,_equity_previo_end,_equity_prom,_error,_esquema,_fcf_ttm,_flags,_lt_debt,_metric_capex,_metric_da,_metric_div,_metric_ni,_metric_revenue,_netincome_ttm,_ni_end,_ni_es_fy,_ni_estrategia,_opinc_ttm,_revenue_ttm,_stale,cagr_eps_5y,currency,deuda_lp_sobre_ebitda,deuda_total_sobre_ebitda,dif_max_52w,dif_min_52w,eps_annual,eps_ttm_diluted,exchange,fcfonce_equity_lp,fcfonce_neto_caja,margen_neto_ttm,payout_ttm,per_ttm,precio_usd,roe_cagr_5y,roe_ttm,year_high,year_low
GS,0000886982,GOLDMAN SACHS GROUP INC,2130000000,179530000000,-39792000000,True,301108000000,308000000,5750000000,,2026-03-31,2025-12-31,51.32,2020-12-31,24.74,122782000000,122782000000,2026-03-31,124300000000,2025-03-31,123541000000.0,,us-gaap,-41922000000,,228723000000,PaymentsToAcquirePropertyPlantAndEquipment,DepreciationAndAmortization,PaymentsOfDividends,NetIncomeLoss,,18068000000,2026-03-31,False,B,,,False,0.15711730994796969,USD,,,-0.042746636284722195,0.6297311853829668,51.32,58.66233766233766,NYQ,-0.11926430633988137,-0.17155835652316254,,0.3182421961478858,18.357775654601713,1076.9100341796875,0.07383843116313771,0.14625104216413984,1125.0,660.7899780273438
IBN,0001103838,ICICI BANK LTD,,,,,,,,,,,,,,,,,,,,sin_datos_descargados,,,,,,,,,,,,,,,,,,,,,,,,,,,,,,,,,,,
INFY,0001067491,Infosys Ltd,,,,False,,,,,2025-03-31,,,,,,,,,,,,ifrs-full,,ni_es_fy_no_ttm,,,,,ProfitLoss,,3162000000,2025-03-31,True,C,,,False,,USD,,,-0.6356666564941407,0.04493310375858006,,,NYQ,,,,,,10.930000305175781,,,30.0,10.460000038146973
NOK,0000924613,NOKIA CORP,,,,,,,,,,,,,,,,,,,,sin_datos_descargados,,,,,,,,,,,,,,,,,,,,,,,,,,,,,,,,,,,
VALE,0000917851,Vale S.A.,,5832000000,,True,33090000000,,,,2012-12-31,,,,,,,,,,,,us-gaap,,stale_2012-12-31,30267000000,PaymentsToAcquirePropertyPlantAndEquipment,DepreciationDepletionAndAmortization,,NetIncomeLoss,SalesRevenueNet,,2012-12-31,False,C,,,True,,USD,,,-0.17279823239607106,0.6544035352078579,,,NYQ,,,,,,14.84000015258789,,,17.940000534057617,8.970000267028809
MUFG,0000067088,MITSUBISHI UFJ FINANCIAL GROUP INC,,,,False,,11654850000,,,,,,,,,,,,,,,us-gaap,,,,,,,,,,,False,,,,False,,USD,,,-0.06468370252566091,0.5018953825748875,,,NYQ,,,,,,19.809999465942383,,,21.18000030517578,13.1899995803833
TSM,0001046179,TAIWAN SEMICONDUCTOR MANUFACTURING CO LTD,,,,False,,,,,2024-12-31,,,,,,,,,,,,ifrs-full,,ni_es_fy_no_ttm,,,,,ProfitLoss,,35301100000,2024-12-31,True,C,,,False,,USD,,,-0.07542108963734329,0.9965125927508729,,,NYQ,,,,,,440.8299865722656,,,476.7900085449219,220.8000030517578
GRMN,0001121788,GARMIN LTD,297001000,2289916000,1748559000,True,,193565000,692956000,2162851000,2026-03-28,2025-12-27,8.59,2020-12-26,5.17,9271024000,9271024000,2026-03-28,8179478000,2025-03-29,8725251000.0,,us-gaap,1451558000,ebitda_da_mas_intangibles,,PaymentsToAcquirePropertyPlantAndEquipment,Depreciation,PaymentsOfDividends,NetIncomeLoss,RevenueFromContractWithCustomerExcludingAssessedTax,1736196000,2026-03-28,False,B,1974917000,7463909000,False,0.10687995874492118,USD,,,-0.12183521937439634,0.2857985033847341,8.59,8.969576111383773,NYQ,,,0.23261216073239907,0.39912314047492337,26.759347520095023,240.02000427246094,0.027674110631900728,0.1989852211701417,273.32000732421875,186.6699981689453
VIV,0001066119,TELEFONICA BRASIL S.A.,,,,,,,,,,,,,,,,,,,,sin_datos_descargados,,,,,,,,,,,,,,,,,,,,,,,,,,,,,,,,,,,
RIO,0000863064,RIO TINTO PLC,,,,False,,,,,2025-12-31,,,,,,,,,,,,ifrs-full,,ni_es_fy_no_ttm,,,,,ProfitLoss,,10249000000,2025-12-31,True,C,,,False,,USD,,,-0.1647717423170345,0.6731316281636788,,,NYQ,,,,,,94.02999877929688,,,112.58000183105469,56.20000076293945
TRV,0000086312,"TRAVELERS COMPANIES, INC.",,,11444000000,True,6761000000,218400000,976000000,4259000000,2026-03-31,2025-12-31,27.43,2020-12-31,10.52,31986000000,31986000000,2026-03-31,28191000000,2025-03-31,30088500000.0,,us-gaap,,,5861000000,,DepreciationDepletionAndAmortization,PaymentsOfDividendsCommonStock,NetIncomeLoss,Revenues,7604000000,2026-03-31,False,B,3574000000,48942000000,False,0.21127293560550942,USD,1.3761446348908195,1.5874618455036393,0.009950260708227354,0.2871302503790969,27.43,34.81684981684982,NYQ,,,0.1553675779494095,0.12835349815886377,9.212205926773738,320.739990234375,0.19563100853453252,0.2527211393057148,317.5799865722656,249.19000244140625
CSCO,0000858877,"CISCO SYSTEMS, INC.",1237000000,7083000000,13025000000,True,26380000000,3987000000,6519000000,14891000000,2026-04-25,2025-07-26,2.55,2020-07-25,2.64,48861000000,48861000000,2026-04-25,45935000000,2025-04-26,47398000000.0,,us-gaap,11788000000,,22869000000,PaymentsToAcquirePropertyPlantAndEquipment,DepreciationDepletionAndAmortization,PaymentsOfDividends,NetIncomeLoss,RevenueFromContractWithCustomerExcludingAssessedTax,11958000000,2026-04-25,False,B,14191000000,60746000000,False,-0.006913105382260087,USD,1.5357598549459406,1.7715398562890337,-0.08161380807516172,0.8209886442119179,2.55,2.9992475545522947,NMS,0.1643384915655932,0.17295108424542974,0.19685246765219108,0.5451580531861515,39.92001366316226,119.7300033569336,-0.07230396426244445,0.2522891261234651,130.3699951171875,65.75
SBS,0001170858,COMPANHIA DE SANEAMENTO BASICO DO ESTADO DE SAO PAULO-SABESP,,,,,,,,,,,,,,,,,,,,sin_datos_descargados,,,,,,,,,,,,,,,,,,,,,,,,,,,,,,,,,,,
INTC,0000050863,INTEL CORP,13099000000,17247000000,9980000000,True,53226000000,5083000000,0,7119000000,2026-03-28,2025-12-27,-0.06,2020-12-26,4.94,111394000000,111394000000,2026-03-28,99756000000,2025-03-29,105575000000.0,,us-gaap,-3119000000,ebitda_da_mas_intangibles,46585000000,PaymentsToAcquirePropertyPlantAndEquipment,Depreciation,PaymentsOfDividendsCommonStock,NetIncomeLoss,RevenueFromContractWithCustomerExcludingAssessedTax,-3174000000,2026-03-28,False,B,-5049000000,53763000000,False,,USD,6.543756145526057,7.47661188369153,-0.06928245502432717,5.939905042790669,-0.06,-0.6244343891402715,NMS,-0.01974313041606796,-0.021163985261886505,-0.05903688410244964,,,131.64999389648438,,-0.03006393559081222,141.4499969482422,18.969999313354492
MFG,0001335730,MIZUHO FINANCIAL GROUP INC,,,,False,,2530282000,,,,,,,,,,,,,,,us-gaap,,,,,,,,,,,False,,,,False,,USD,,,-0.07795961432640908,0.7773655215231825,,,NYQ,,,,,,9.579999923706055,,,10.390000343322754,5.389999866485596
KGC,0000701818,KINROSS GOLD CORP,,,,False,,,,,2025-12-31,,,,,,,,,,,,ifrs-full,,ni_es_fy_no_ttm,,,,,ProfitLoss,,2470000000,2025-12-31,True,C,,,False,,USD,,,-0.39401686542887493,0.6111489260012917,,,NYQ,,,,,,23.700000762939453,,,39.11000061035156,14.710000038146973
AMAT,0000006951,APPLIED MATERIALS INC /DE,2650000000,6301000000,7993000000,True,7846000000,799000000,1463000000,8743000000,2026-04-26,2025-10-26,8.66,2020-10-25,3.92,23909000000,23909000000,2026-04-26,18961000000,2025-04-27,21435000000.0,,us-gaap,5343000000,,5448000000,PaymentsToAcquirePropertyPlantAndEquipment,DepreciationDepletionAndAmortization,PaymentsOfDividends,NetIncomeLoss,RevenueFromContractWithCustomerExcludingAssessedTax,8508000000,2026-04-26,False,B,8299000000,29024000000,False,0.1717807657942223,USD,0.6231270730870411,0.8974036371954707,-0.08142802733873944,2.8128436981211546,8.66,10.648310387984981,NMS,0.1820008856490786,0.20990806945863125,0.2931367144432194,0.171955806299953,55.311119721649845,588.969970703125,-0.005763341557025625,0.3969209237228831,641.1799926757812,154.47000122070312
JNJ,0000200406,JOHNSON & JOHNSON,5086000000,21688000000,22870000000,True,60898000000,2445200000,,29501000000,2026-03-29,2025-12-28,11.03,2021-01-03,5.51,81186000000,81186000000,2026-03-29,78109000000,2025-03-30,79647500000.0,,us-gaap,17784000000,,41438000000,PaymentsToAcquirePropertyPlantAndEquipment,DepreciationDepletionAndAmortization,,NetIncomeLoss,RevenueFromContractWithCustomerExcludingAssessedTax,21040000000,2026-03-29,False,B,21766000000,96362000000,False,0.14890675456717406,USD,1.4046303515135081,2.064269007830243,-0.04254899061697559,0.5988854695891708,11.03,8.60461311958122,NYQ,0.14502870563674322,0.14771254858965413,0.21834333035844006,,28.008231939163498,241.0,,0.26416397250384505,251.7100067138672,150.72999572753906
BIIB,0000875045,BIOGEN INC.,167900000,2913700000,2590800000,True,6288500000,148400000,,3278600000,2026-03-31,2025-12-31,8.79,2020-12-31,24.8,14799400000,14799400000,2023-12-31,13397900000,2022-12-31,14098650000.0,,us-gaap,2422900000,,6288500000,PaymentsToAcquirePropertyPlantAndEquipment,DepreciationDepletionAndAmortization,,NetIncomeLoss,Revenues,1371900000,2026-03-31,False,B,2477500000,9937400000,False,-0.1873427038832538,USD,1.9180442871957544,1.9180442871957544,-0.030975408287618245,0.6488227286747872,8.79,9.244609164420485,NMS,0.11489527169609112,0.13331535913547776,0.1380542194135287,,21.58987933270863,199.58999633789062,-0.23259168979231892,0.09730718898617953,205.97000122070312,121.05000305175781
LMT,0000936468,LOCKHEED MARTIN CORP,1706000000,1894000000,7368000000,True,22368000000,231100000,3151000000,9109000000,2026-03-29,2025-12-31,21.49,2020-12-31,24.3,7489000000,7489000000,2026-03-29,6683000000,2025-03-30,7086000000.0,,us-gaap,5662000000,,21700000000,PaymentsToAcquireProductiveAssets,DepreciationAndAmortization,PaymentsOfDividendsCommonStock,NetIncomeLoss,Revenues,4793000000,2026-03-29,False,B,7422000000,75106000000,False,-0.024278154876634983,USD,2.38225930398507,2.4555933691953014,-0.28953755108607293,0.19880040040230718,21.49,20.739939420164433,NYQ,0.19397718318544657,0.20248185101741586,0.06381647271855777,0.6574170665553933,23.70498797939785,491.6400146484375,-0.14576523224936255,0.6764041772509173,692.0,410.1099853515625
BHP,0000811809,BHP Group Ltd,,,,False,,,,,2025-06-30,,,,,,,,,,,,ifrs-full,,ni_es_fy_no_ttm,,,,,ProfitLoss,,11143000000,2025-06-30,True,C,,,False,,USD,,,-0.13972077538649874,0.738531136983535,,,NYQ,,,,,,80.72000122070312,,,93.83000183105469,46.43000030517578
EBAY,0001065088,EBAY INC,486000000,2894000000,2173000000,True,9221000000,457000000,536000000,2698000000,2026-03-31,2025-12-31,4.34,2020-12-31,7.89,4412000000,4412000000,2026-03-31,4829000000,2025-03-31,4620500000.0,,us-gaap,1687000000,,7721000000,PaymentsToAcquirePropertyPlantAndEquipment,DepreciationDepletionAndAmortization,PaymentsOfDividends,NetIncomeLoss,RevenueFromContractWithCustomerExcludingAssessedTax,2044000000,2026-03-31,False,B,2277000000,11604000000,False,-0.11267535242305327,USD,2.8617494440326166,3.4177168272794662,-0.08264186415316344,0.5026084905403463,4.34,4.472647702407002,NMS,0.13904228138135663,0.15709097681348355,0.1761461564977594,0.2622309197651663,24.47096311416178,109.44999694824219,-0.24370806470940976,0.44237636619413484,119.30999755859375,72.83999633789062
NEM,0001164727,NEWMONT Corp /DE/,2850000000,8775000000,12088000000,True,5079000000,1087000000,1106000000,,2026-03-31,2025-12-31,6.39,2020-12-31,3.51,34926000000,34926000000,2026-03-31,31248000000,2025-03-31,33087000000.0,,us-gaap,9238000000,,5079000000,PaymentsToAcquireProductiveAssets,DepreciationDepletionAndAmortization,PaymentsOfDividendsCommonStock,NetIncomeLoss,RevenueFromContractWithCustomerExcludingAssessedTax,8456000000,2026-03-31,False,B,,24966000000,False,0.12729803073711565,USD,,,-0.30278768156012514,0.6983926806864085,6.39,7.779208831646734,NYQ,0.23092113485814272,0.29580531540185717,0.3387006328606905,0.13079470198675497,12.088633041057028,94.04000091552734,0.13004878854274948,0.2555686523407985,134.8800048828125,55.369998931884766
ERIC,0000717826,ERICSSON LM TELEPHONE CO,,,,,,,,,,,,,,,,,,,,sin_datos_descargados,,,,,,,,,,,,,,,,,,,,,,,,,,,,,,,,,,,
PG,0000080424,PROCTER & GAMBLE Co,4382000000,9304000000,19410000000,True,41680000000,2425800000,10176000000,23224000000,2026-03-31,2025-06-30,6.51,2020-06-30,4.96,,,,,,,,us-gaap,15028000000,,23129000000,PaymentsToAcquirePropertyPlantAndEquipment,DepreciationDepletionAndAmortization,PaymentsOfDividends,NetIncomeLoss,Revenues,16617000000,2026-03-31,False,B,20153000000,86717000000,False,0.05589288248337687,USD,0.9959094040647606,1.7946951429555633,-0.09094174417857814,0.10478127220296907,6.51,6.850111303487509,NYQ,,,0.191623326452714,0.6123849070229284,22.195258814076006,152.0399932861328,,,167.25,137.6199951171875
SNA,0000091440,Snap-on Inc,,1753300000,1151900000,True,1514900000,52701388,476800000,1431600000,2026-04-04,2026-01-03,19.19,2021-01-02,11.44,5958100000,5958100000,2026-04-04,5520800000,2025-03-29,5739450000.0,,us-gaap,,,1203100000,,DepreciationDepletionAndAmortization,PaymentsOfDividends,NetIncomeLoss,Revenues,1023400000,2026-04-04,False,B,1333100000,5221200000,False,0.10899551570697197,USD,0.84038837664152,1.0581866443140542,-0.021802010895828894,0.28490452344920736,19.19,19.41884338985531,NYQ,,,0.1960085804029725,0.46589798710181746,20.193788413438526,392.1400146484375,0.04687076373700805,0.17830976835759524,400.8800048828125,305.19000244140625
CL,0000021665,COLGATE PALMOLIVE CO,578000000,1335000000,4345000000,True,8954000000,805100000,,3832000000,2026-03-31,2025-12-31,2.63,2020-12-31,3.14,145000000,145000000,2026-03-31,363000000,2025-03-31,254000000.0,,us-gaap,3767000000,roe_no_significativo,7839000000,PaymentsToAcquireProductiveAssets,DepreciationDepletionAndAmortization,,NetIncomeLoss,RevenueFromContractWithCustomerExcludingAssessedTax,2088000000,2026-03-31,False,B,3194000000,20795000000,False,-0.03482687611672963,USD,2.045668058455115,2.3366388308977037,-0.07500256156551821,0.23246134798449924,2.63,2.5934666501055768,NYQ,0.4718186372745491,0.48518804739824833,0.10040875210387112,,35.42748361529062,91.87999725341797,0.1784250681692956,8.220472440944881,99.33000183105469,74.55000305175781
HPQ,0000047217,HP INC,815000000,3703000000,4594000000,True,11343000000,928000000,1093000000,4038000000,2026-04-30,2025-10-31,2.65,2020-10-31,1.98,-144000000,-144000000,2026-04-30,-1276000000,2025-04-30,-710000000.0,,us-gaap,3779000000,,9723000000,PaymentsToAcquireProductiveAssets,DepreciationDepletionAndAmortization,PaymentsOfDividendsCommonStock,NetIncomeLoss,Revenues,2553000000,2026-04-30,False,B,3046000000,57417000000,False,0.06002507028689008,USD,2.4078751857355125,2.8090638930163445,-0.21450248852712095,0.3263098874631687,2.65,2.7510775862068964,NYQ,0.3945088213801023,0.5041355389541089,0.044464183081665706,0.4281237759498629,8.465773932475274,23.290000915527344,,,29.649999618530273,17.559999465942383
KMB,0000055785,KIMBERLY CLARK CORP,1358000000,542000000,3195000000,True,8974000000,333200000,1673000000,3253000000,2026-03-31,2025-12-31,6.07,2020-12-31,6.87,1796000000,1796000000,2026-03-31,1101000000,2025-03-31,1448500000.0,,us-gaap,1837000000,,7402000000,PaymentsToAcquireProductiveAssets,DepreciationDepletionAndAmortization,PaymentsOfDividendsCommonStock,NetIncomeLoss,Revenues,2119000000,2026-03-31,False,A,2473000000,16556000000,False,-0.02445705882631577,USD,2.2754380571779897,2.7586842914233016,-0.2235559570493859,0.15483667465378392,6.07,6.359543817527011,NMS,0.19971732985431614,0.1796050058662495,0.12798985262140614,0.7895233600755073,16.782650834606073,106.7300033569336,-0.12064838445639192,1.462892647566448,137.4600067138672,92.41999816894531
TX,0001342874,Ternium S.A.,,,,False,,,,,2025-12-31,,,,,,,,,,,,ifrs-full,,ni_es_fy_no_ttm,,,,,ProfitLoss,,303095000,2025-12-31,True,C,,,False,,USD,,,-0.13087184453261258,0.5256192783180278,,,NYQ,,,,,,44.959999084472656,,,51.72999954223633,29.469999313354492
WMT,0000104169,Walmart Inc.,28340000000,10729000000,40892000000,True,52735000000,7999000000,7599000000,40861000000,2026-04-30,2026-01-31,2.73,2021-01-31,4.75,94330000000,94330000000,2026-04-30,83793000000,2025-04-30,89061500000.0,,us-gaap,12552000000,,38166000000,PaymentsToAcquirePropertyPlantAndEquipment,DepreciationDepletionAndAmortization,PaymentsOfDividendsCommonStock,NetIncomeLoss,Revenues,22736000000,2026-04-30,False,B,30183000000,725305000000,False,-0.10485413986679248,USD,0.9340446880888867,1.2905949438339737,-0.11956202444702702,0.2628674069896846,2.73,2.8423552944118016,NMS,0.09473493539427605,0.09206665884285882,0.031346812720166,0.33422765657987336,41.86668719211823,119.0,0.08190537408909537,0.2552842698584686,135.16000366210938,94.2300033569336
HD,0000354950,"HOME DEPOT, INC.",3717000000,1601000000,18032000000,True,51783000000,996000000,9186000000,24307000000,2026-05-03,2026-02-01,14.23,2021-01-31,11.94,13874000000,13874000000,2026-05-03,7955000000,2025-05-04,10914500000.0,,us-gaap,14315000000,,49397000000,PaymentsToAcquireProductiveAssets,DepreciationDepletionAndAmortization,PaymentsOfDividendsCommonStock,NetIncomeLoss,RevenueFromContractWithCustomerExcludingAssessedTax,14012000000,2026-05-03,False,B,20738000000,166592000000,False,0.035714638909686514,USD,2.0322129427736866,2.130373966347143,-0.19657882753002343,0.18595634075772893,14.23,14.068273092369479,NYQ,0.22624899242939103,0.22347633320844262,0.08410968113714944,0.6555809306308878,24.371149401238668,342.8599853515625,-0.18517336437869725,1.2837967840945532,426.75,289.1000061035156
AVY,0000008818,Avery Dennison Corp,161300000,255100000,1034200000,True,4054000000,77000000,291300000,,2026-03-31,2025-12-31,8.79,2021-01-02,6.61,2300500000,2300500000,2026-03-31,2170500000,2025-03-29,2235500000.0,,us-gaap,872900000,,3199000000,PaymentsToAcquirePropertyPlantAndEquipment,DepreciationDepletionAndAmortization,PaymentsOfDividendsCommonStock,NetIncomeLoss,RevenueFromContractWithCustomerExcludingAssessedTax,689800000,2026-03-31,False,B,,9005700000,False,0.05866238632710008,USD,,,-0.18236945281173056,0.07039755843354434,8.79,8.958441558441558,NYQ,0.1587235203200291,0.14311243728891365,0.07659593368644303,0.4222963177732676,18.211872325354157,163.14999389648438,-0.08412793167586496,0.3085663162603444,199.5399932861328,152.4199981689453
TGT,0000027419,TARGET CORP,3972000000,2680000000,7003000000,True,15529000000,455800000,2059000000,7940000000,2026-05-02,2026-01-31,8.13,2021-01-30,8.64,16395000000,16395000000,2026-05-02,14947000000,2025-05-03,15671000000.0,,us-gaap,3031000000,,14398000000,PaymentsToAcquirePropertyPlantAndEquipment,DepreciationDepletionAndAmortization,PaymentsOfDividendsCommonStock,NetIncomeLoss,RevenueFromContractWithCustomerExcludingAssessedTax,3451000000,2026-05-02,False,A,4780000000,106377000000,False,-0.012094597080639313,USD,1.8133501259445843,1.9557934508816122,0.024153201922029854,0.6922338544680235,8.13,7.57130320315928,NYQ,0.09843146169583997,0.10364519217617289,0.032441223196743654,0.5966386554621849,18.64936499826392,141.1999969482422,-0.056608513280073436,0.22021568502329142,137.8699951171875,83.44000244140625
NVS,0001114448,NOVARTIS AG,,,,False,,,,,2025-12-31,,,,,,,,,,,,ifrs-full,,ni_es_fy_no_ttm,,,,,ProfitLoss,,13967000000,2025-12-31,True,C,,,False,,USD,,,-0.10172480883323265,0.3630051638655998,,,NYQ,,,,,,153.1199951171875,,,170.4600067138672,112.33999633789062
SAP,0001000184,SAP SE,,,,False,,,,,2017-12-31,,,,,,,,,,,,ifrs-full,,stale_2017-12-31,,,,,ProfitLoss,,,2017-12-31,False,C,,,True,,USD,,,-0.5124170052502742,0.02386217239986932,,,NYQ,,,,,,152.75,,,313.2799987792969,149.19000244140625
PKX,0000889132,POSCO HOLDINGS INC.,,,,,,,,,,,,,,,,,,,,sin_datos_descargados,,,,,,,,,,,,,,,,,,,,,,,,,,,,,,,,,,,
MMM,0000066740,3M CO,899000000,2173000000,2959000000,True,15922000000,532800000,1578000000,6124000000,2026-03-31,2025-12-31,6,2020-12-31,9.36,3263000000,3263000000,2026-03-31,4464000000,2025-03-31,3863500000.0,,us-gaap,2060000000,,12602000000,PaymentsToAcquirePropertyPlantAndEquipment,DepreciationDepletionAndAmortization,PaymentsOfDividendsCommonStock,NetIncomeLoss,Revenues,2787000000,2026-03-31,False,B,4780000000,25024000000,False,-0.08509693961379794,USD,2.057805355976486,2.599934683213586,-0.06482159834629508,0.19068471381173402,6,5.2308558558558556,NYQ,0.129845572013867,0.12109099459205266,0.11137308184143223,0.566200215285253,31.717563671034043,165.91000366210938,0.18491186975481222,0.7213666364695225,177.41000366210938,139.33999633789062
KOF,0000910631,COCA COLA FEMSA SAB DE CV,,,,False,,,,,2020-12-31,,,,,,,,,,,,ifrs-full,,stale_2020-12-31,,,,,ProfitLoss,,,2020-12-31,False,C,,,True,,USD,,,-0.10029218036895693,0.30503616116111365,,,NYQ,,,,,,104.69000244140625,,,116.36000061035156,80.22000122070312
AMGN,0000318154,AMGEN INC,2159000000,12038000000,10756000000,True,64759000000,544000000,5203000000,15464000000,2026-03-31,2025-12-31,14.23,2020-12-31,12.31,9190000000,9190000000,2026-03-31,6207000000,2025-03-31,7698500000.0,,us-gaap,8597000000,,57323000000,PaymentsToAcquirePropertyPlantAndEquipment,DepreciationDepletionAndAmortization,PaymentsOfDividendsCommonStock,NetIncomeLoss,RevenueFromContractWithCustomerExcludingAssessedTax,7800000000,2026-03-31,False,B,10568000000,37220000000,False,0.029412338611158884,USD,3.7068675633729953,4.187726332126228,-0.10186821794240752,0.30270232786335205,14.23,14.338235294117647,NMS,0.1292529279990378,0.13886062250650127,0.20956475013433637,0.6670512820512821,24.509989232772437,351.42999267578125,0.10502911831272987,1.0131843865688122,391.2900085449219,269.7699890136719
BG,0001996862,Bunge Global SA,1749000000,839000000,588000000,True,15914000000,195733665,504000000,,2026-03-31,2025-12-31,4.91,,,16045000000,16045000000,2026-03-31,10578000000,2025-03-31,13311500000.0,,us-gaap,-1161000000,,11308000000,PaymentsToAcquirePropertyPlantAndEquipment,DepreciationDepletionAndAmortization,PaymentsOfDividendsCommonStock,NetIncomeLoss,Revenues,683000000,2026-03-31,False,A,,80547000000,False,,USD,,,-0.1918884717904159,0.5222067065149809,4.91,3.4894355041070733,NYQ,-0.042445070010602125,-0.03730719794344473,0.008479521273293853,0.7379209370424598,31.234277789484306,108.98999786376953,,0.051309018517822935,134.8699951171875,71.5999984741211
PSO,0000938323,PEARSON PLC,,,,,,,,,,,,,,,,,,,,sin_datos_descargados,,,,,,,,,,,,,,,,,,,,,,,,,,,,,,,,,,,
HON,0000773840,HONEYWELL INTERNATIONAL INC,1019000000,11977000000,5161000000,True,36739000000,638400000,3025000000,9674000000,2026-03-31,2025-12-31,7.36,2020-12-31,6.72,13590000000,13590000000,2026-03-31,17463000000,2025-03-31,15526500000.0,,us-gaap,4142000000,,32109000000,PaymentsToAcquirePropertyPlantAndEquipment,DepreciationDepletionAndAmortization,PaymentsOfDividendsCommonStock,NetIncomeLoss,RevenueFromContractWithCustomerExcludingAssessedTax,4101000000,2026-03-31,False,A,8254000000,37660000000,False,0.0183608813392091,USD,3.3191027496382053,3.7977051891668387,-0.08364894479611218,0.21771259829749634,7.36,6.423872180451128,NMS,0.09063655659861267,0.10799958281184814,0.10889537971322358,0.7376249695196293,35.40232305073267,227.4199981689453,-0.0026378341910429093,0.2641290696551058,248.17999267578125,186.75999450683594
ITUB,0001132597,Itau Unibanco Holding S.A.,,,,False,,2288034273,,,,,,,,,,,,,,,us-gaap,,,,,,,,,,,False,,,,False,,USD,,,-0.179166687362723,0.3283797360966343,,,NYQ,,,,,,7.880000114440918,,,9.600000381469727,5.9320387840271
BSBR,0001471055,Banco Santander (Brasil) S.A.,,,,,,,,,,,,,,,,,,,,sin_datos_descargados,,,,,,,,,,,,,,,,,,,,,,,,,,,,,,,,,,,
T,0000732717,AT&T INC.,21442000000,11964000000,40284000000,True,144989000000,7027000000,8086000000,45728000000,2026-03-31,2025-12-31,3.04,2020-12-31,-0.75,,,,,,,,us-gaap,18842000000,,134718000000,PaymentsToAcquireProductiveAssets,DepreciationDepletionAndAmortization,PaymentsOfDividendsCommonStock,NetIncomeLoss,Revenues,21431000000,2026-03-31,False,B,25066000000,126528000000,False,,USD,2.9460724282715187,3.1706831700489855,-0.24907686633961945,0.017280630835400546,3.04,3.0498078838764764,NYQ,,,0.16937752908447143,0.37730390555737015,7.334888521174611,22.3700008392334,,,29.790000915527344,21.989999771118164
PEP,0000077476,PEPSICO INC,4259000000,10475000000,13101000000,True,58102000000,1371000000,7722000000,15637000000,2026-03-21,2025-12-27,6,2020-12-26,5.12,21383000000,21383000000,2026-03-21,18389000000,2025-03-22,19886000000.0,,us-gaap,8842000000,,46351000000,PaymentsToAcquireProductiveAssets,DepreciationDepletionAndAmortization,PaymentsOfDividends,NetIncomeLoss,Revenues,8733000000,2026-03-21,False,B,12128000000,95449000000,False,0.03222947933334197,USD,2.9641875039969303,3.715674362089915,-0.17034051891095947,0.11496869885398242,6,6.36980306345733,NMS,0.13054005373962854,0.1281263584987683,0.09149388678770862,0.8842322226039162,22.335071093271953,142.27000427246094,0.005760184508788901,0.4391531730865936,171.47999572753906,127.5999984741211
XOM,0000034088,EXXON MOBIL CORP,28930000000,8435000000,47722000000,True,43831000000,4419000000,17230000000,,2026-03-31,2025-12-31,6.7,2020-12-31,-5.25,254381000000,254381000000,2026-03-31,262720000000,2025-03-31,258550500000.0,,us-gaap,18792000000,,23100000000,PaymentsToAcquirePropertyPlantAndEquipment,DepreciationDepletionAndAmortization,PaymentsOfDividendsCommonStock,NetIncomeLoss,Revenues,25314000000,2026-03-31,False,B,,334246000000,False,,USD,,,-0.22396694600891986,0.29726139941301444,6.7,5.728445349626613,NYQ,0.067723555847067,0.06484986731176043,0.07573463855962376,0.6806510231492455,23.898280517838526,136.89999389648438,,0.09790737206077729,176.41000366210938,105.52999877929688
PFE,0000078003,PFIZER INC,2501000000,1703000000,11984000000,True,11751000000,5731000000,,,2026-03-29,2025-12-31,1.36,2020-12-31,1.63,90101000000,90101000000,2026-03-29,90338000000,2025-03-30,90219500000.0,,us-gaap,9483000000,,4000000000,PaymentsToAcquirePropertyPlantAndEquipment,DepreciationDepletionAndAmortization,,NetIncomeLoss,Revenues,7491000000,2026-03-29,False,B,,63315000000,False,-0.03557100038294969,USD,,,-0.16382605511209236,0.04024233148480372,1.36,1.307101727447217,NYQ,0.10077469952497849,0.0946889135188569,0.11831319592513623,,18.391836236401975,24.040000915527344,-0.0577770379929784,0.08303083036372402,28.75,23.110000610351562
AXP,0000004962,AMERICAN EXPRESS CO,3144000000,43440000000,17468000000,False,60442000000,686000000,2345000000,,2026-03-31,2025-12-31,15.38,2020-12-31,3.77,33995000000,33995000000,2026-03-31,31202000000,2025-03-31,32598500000.0,,us-gaap,14324000000,,58750000000,PaymentsToAcquirePropertyPlantAndEquipment,,PaymentsOfDividends,NetIncomeLoss,RevenueFromContractWithCustomerExcludingAssessedTax,11220000000,2026-03-31,False,B,5448000000,42195000000,False,0.32471665663802773,USD,,,-0.11595136341097523,0.1880419016068986,15.38,16.355685131195337,NYQ,0.15444498355706507,0.2808792674078867,0.2659082829719161,0.2090017825311943,20.94439913771794,342.55999755859375,0.23227397642781278,0.34418761599460096,387.489990234375,288.3399963378906
PCAR,0000075362,PACCAR INC,725100000,3219400000,4477300000,True,,527400000,1429500000,,2026-03-31,2025-12-31,4.51,2020-12-31,2.5,19756600000,19756600000,2026-03-31,18022100000,2025-03-31,18889350000.0,,us-gaap,3752200000,,,PaymentsToAcquirePropertyPlantAndEquipment,DepreciationDepletionAndAmortization,PaymentsOfDividends,NetIncomeLoss,Revenues,2476000000,2026-03-31,False,B,,27779600000,False,0.12524555655088654,USD,,,-0.11260240789884124,0.26861787294630757,4.51,4.694728858551384,NMS,,,0.08913015306195914,0.5773424878836834,24.927956928998857,117.02999877929688,0.01897658660052537,0.13107915306773393,131.8800048828125,92.25
AEG,0000769218,AEGON LTD.,,,,,,,,,,,,,,,,,,,,sin_datos_descargados,,,,,,,,,,,,,,,,,,,,,,,,,,,,,,,,,,,
ORCL,0001341439,ORACLE CORP,55663000000,31289000000,31977000000,True,7199000000,2914000000,5787000000,29900000000,2026-05-31,2026-05-31,5.83,2021-05-31,4.55,42508000000,42508000000,2026-05-31,20451000000,2025-05-31,31479500000.0,,us-gaap,-23686000000,ebitda_da_mas_intangibles;ni_es_fy_no_ttm,0,PaymentsToAcquirePropertyPlantAndEquipment,Depreciation,PaymentsOfDividendsCommonStock,NetIncomeLoss,Revenues,17087000000,2026-05-31,True,C,20606000000,67357000000,False,0.050827504682875446,USD,0.0,0.24076923076923076,-0.5443422474167707,0.17061744969486958,5.83,5.863761153054221,NYQ,-0.557212759951068,-1.2860245412096862,0.2536781626260077,0.33867852753555333,26.86500944828648,157.52999877929688,-0.26968978085263595,0.542797693737194,345.7200012207031,134.57000732421875
GSK,0001131399,GSK plc,,,,,,,,,,,,,,,,,,,,sin_datos_descargados,,,,,,,,,,,,,,,,,,,,,,,,,,,,,,,,,,,
IBM,0000051143,INTERNATIONAL BUSINESS MACHINES CORP,1079000000,10819000000,13992000000,True,76746000000,952131057,6282000000,,2026-03-31,2025-12-31,11.17,2020-12-31,6.23,32974000000,32974000000,2026-03-31,26880000000,2025-03-31,29927000000.0,,us-gaap,12913000000,ebitda_da_mas_intangibles,62944000000,PaymentsToAcquirePropertyPlantAndEquipment,Depreciation,PaymentsOfDividendsCommonStock,NetIncomeLoss,Revenues,10754000000,2026-03-31,False,B,,68911000000,False,0.12386209881346621,USD,,,-0.20904771036003233,0.23839124041726611,11.17,11.294663608478428,NYQ,0.1346254092036948,0.1305649083426861,0.1560563625545994,0.5841547331225591,23.28179046055742,262.9599914550781,0.05575608017186817,0.35934106325391785,332.4599914550781,212.33999633789062
WB,0001595761,WEIBO Corp,42368000,2298941000,519479000,True,2096160000,268560000,195644000,523913000,2025-12-31,2025-12-31,1.7,2020-12-31,1.38,3920729000,3920729000,2025-12-31,3482771000,2024-12-31,3701750000.0,,us-gaap,477111000,ni_es_fy_no_ttm,2096160000,PaymentsToAcquirePropertyPlantAndEquipment,DepreciationAndAmortization,PaymentsOfDividendsCommonStock,NetIncomeLoss,SalesRevenueNet,449020000,2025-12-31,True,C,464825000,1150054000,False,0.04259098887502377,USD,4.000969626636484,4.000969626636484,-0.43750000459912386,0.011095689775698636,1.7,1.6719541257074768,NMS,0.07929529695495463,0.1283264316768282,0.39043384049792446,0.43571333125473255,4.360167453020465,7.289999961853027,0.05604211952725202,0.12129938542581212,12.960000038146973,7.210000038146973
SID,0001049659,NATIONAL STEEL CO,,3981000000,,True,,,,,2009-12-31,,,,,,,,,,,,us-gaap,,stale_2009-12-31,,PaymentsToAcquirePropertyPlantAndEquipment,DepreciationAndAmortization,,NetIncomeLoss,,,2009-12-31,False,C,,,True,,USD,,,-0.554090915938054,-0.038235270055794635,,,NYQ,,,,,,0.9810000061988831,,,2.200000047683716,1.0199999809265137
CAT,0000018230,CATERPILLAR INC,2839000000,4072000000,12320000000,True,36210000000,465800000,2778000000,13974000000,2026-03-31,2025-12-31,18.81,2020-12-31,5.46,,,,,,,,us-gaap,9481000000,,30696000000,PaymentsToAcquirePropertyPlantAndEquipment,DepreciationDepletionAndAmortization,PaymentsOfDividendsCommonStock,ProfitLoss,Revenues,9427000000,2026-03-31,False,B,11657000000,70755000000,False,0.280675881138706,USD,2.19665092314298,2.591240875912409,-0.028183571069374636,1.6912667747155128,18.81,20.23829969944182,NYQ,,,0.13323440039573176,0.2946854778826774,49.13703359351174,994.4500122070312,,,1023.2899780273438,369.510009765625
KO,0000021344,COCA COLA CO,2069000000,10574000000,14631000000,True,40261000000,4314000000,10971000000,15509000000,2026-04-03,2025-12-31,3.04,2020-12-31,1.79,33633000000,33633000000,2026-04-03,26202000000,2025-03-28,29917500000.0,,us-gaap,12562000000,,36496000000,PaymentsToAcquirePropertyPlantAndEquipment,DepreciationDepletionAndAmortization,PaymentsOfDividends,NetIncomeLoss,Revenues,13701000000,2026-04-03,False,B,14462000000,49284000000,False,0.11174224968915891,USD,2.353214262686182,2.5959765297569155,-0.04093291770503382,0.23335884248014294,3.04,3.1759388038942977,NYQ,0.1791270373169445,0.19838913455464308,0.2780009739469199,0.8007444712064813,25.378322269714502,80.5999984741211,0.09377877435351412,0.45795938831787414,84.04000091552734,65.3499984741211
XRX,0001770450,Xerox Holdings Corp,44000000,585000000,169000000,True,4677000000,126003000,28000000,,2026-03-31,2025-12-31,-8.25,2020-12-31,0.84,299000000,299000000,2026-03-31,1053000000,2025-03-31,676000000.0,,us-gaap,125000000,,4281000000,PaymentsToAcquirePropertyPlantAndEquipment,DepreciationDepletionAndAmortization,PaymentsOfDividendsCommonStock,NetIncomeLoss,RevenueFromContractWithCustomerExcludingAssessedTax,-1044000000,2026-03-31,False,B,,7411000000,False,,USD,,,-0.5382352916427138,1.638655423461429,-8.25,-8.285517011499726,NMS,0.027292576419213975,0.02846731951719426,-0.1408716772365403,,,3.140000104904175,,-1.544378698224852,6.800000190734863,1.190000057220459
HMC,0000715153,HONDA MOTOR CO LTD,,,,False,,1802294383,,,,,,,,,,,,,,,us-gaap,,,,,,,,,,,False,,,,False,,USD,,,-0.2616795448691064,0.10795699909169176,,,NYQ,,,,,,25.760000228881836,,,34.88999938964844,23.25
USB,0000036104,US BANCORP DE,,8252000000,9618000000,False,60933000000,1555000000,3197000000,,2026-03-31,2025-12-31,4.62,2020-12-31,3.06,65786000000,65786000000,2026-03-31,60096000000,2025-03-31,62941000000.0,,us-gaap,,,43074000000,,,PaymentsOfDividendsCommonStock,NetIncomeLoss,Revenues,7806000000,2026-03-31,False,B,,28986000000,False,0.08588568965361265,USD,,,-0.017649910779471867,0.3831109497613312,4.62,5.019935691318328,NYQ,,,0.2693024218588284,0.40955675121701257,11.974257103394399,60.11000061035156,0.07432674839397935,0.12402090846983684,61.189998626708984,43.459999084472656
NGG,0001004315,NATIONAL GRID PLC,,,,,,,,,,,,,,,,,,,,sin_datos_descargados,,,,,,,,,,,,,,,,,,,,,,,,,,,,,,,,,,,
DE,0000315189,DEERE & CO,1256000000,7905000000,7933000000,True,48079000000,270900000,1755000000,11348000000,2026-05-03,2025-11-02,18.5,2020-11-01,8.69,27406000000,27406000000,2026-05-03,24287000000,2025-04-27,25846500000.0,,us-gaap,6677000000,,32447000000,PaymentsToAcquirePropertyPlantAndEquipment,DepreciationDepletionAndAmortization,PaymentsOfDividendsCommonStock,NetIncomeLoss,Revenues,4783000000,2026-05-03,False,B,9039000000,47393000000,False,0.163135712601582,USD,2.8592703560098696,4.236781811773,-0.10893072008701121,0.3874133949191685,18.5,17.65596160944998,NYQ,0.11155664711877433,0.0988014205386209,0.10092207709999367,0.36692452435709805,34.02533451808488,600.75,0.08081019327091599,0.1850540692163349,674.1900024414062,433.0
GE,0000040545,GENERAL ELECTRIC CO,1396000000,43299000000,8851000000,True,20489000000,1054000000,,31426000000,2026-03-31,2025-12-31,8.14,2020-12-31,4.63,18057000000,18057000000,2026-03-31,19251000000,2025-03-31,18654000000.0,,us-gaap,7455000000,,20469000000,PaymentsToAcquireProductiveAssets,DepreciationDepletionAndAmortization,,NetIncomeLoss,Revenues,8630000000,2026-03-31,False,B,23203000000,48312000000,False,0.11946026441832114,USD,0.651339655062687,0.6519760707694265,0.0032355158658765593,0.5035752872074861,8.14,8.18785578747628,NYQ,0.19350568447282354,-1.5684830633284241,0.17863056797483026,,44.685692369233415,365.8800048828125,0.26034707246130906,0.46263535970837355,364.70001220703125,243.33999633789062
TM,0001094517,TOYOTA MOTOR CORP/,,18270000000,,True,43482000000,,,,2013-03-31,2013-03-31,3.23,,,,,,,,,,us-gaap,,stale_2013-03-31,,PaymentsToAcquirePropertyPlantAndEquipment,DepreciationDepletionAndAmortization,PaymentsOfDividendsCommonStock,NetIncomeLoss,Revenues,,2013-03-31,False,C,,,True,,USD,,,-0.32599438079292986,0.006237963522781387,,,NYQ,,,,,,167.75999450683594,,,248.89999389648438,166.72000122070312
C,0000831001,CITIGROUP INC,6520000000,188105000000,-67632000000,False,367705000000,1873100000,5372000000,,2025-12-31,2025-12-31,6.99,2020-12-31,4.72,212291000000,212291000000,2025-12-31,208598000000,2024-12-31,210444500000.0,,us-gaap,-74152000000,ni_es_fy_no_ttm,315827000000,PaymentsToAcquirePropertyPlantAndEquipment,,PaymentsOfDividends,NetIncomeLoss,Revenues,14306000000,2025-12-31,True,C,,85225000000,False,0.08170051237495746,USD,,,-0.02953507824872914,0.7709668610650402,6.99,7.63760610752229,NYQ,-0.14040801487546345,-0.18921587890510372,0.16786154297447933,0.37550678037187196,18.800392991786868,143.58999633789062,0.042621532831313313,0.0679799186959032,147.9600067138672,81.08000183105469
JPM,0000019617,JPMORGAN CHASE & CO,,278793000000,-107704000000,False,337977000000,2720200000,17176000000,,2026-03-31,2025-12-31,20.02,2020-12-31,8.88,364038000000,364038000000,2026-03-31,351420000000,2025-03-31,357729000000.0,,us-gaap,,,269929000000,,,PaymentsOfDividends,NetIncomeLoss,Revenues,58899000000,2026-03-31,False,B,,182447000000,False,0.1765495483894246,USD,,,-0.013724109500779624,0.19473308819404944,20.02,21.652452025586353,NYQ,,,0.3228279993641989,0.2916178542929422,15.400103961112523,333.45001220703125,0.09674361414441957,0.16464698137416872,338.0899963378906,279.1000061035156
BAC,0000070858,BANK OF AMERICA CORP /DE/,,301006000000,56567000000,True,537077000000,7417500000,1427000000,,2026-03-31,2025-12-31,3.81,2020-12-31,1.87,300668000000,300668000000,2026-03-31,293949000000,2025-03-31,297308500000.0,,us-gaap,,,325964000000,,DepreciationDepletionAndAmortization,PaymentsOfDividends,NetIncomeLoss,Revenues,31733000000,2026-03-31,False,B,,115122000000,False,0.1529664601415619,USD,,,-0.004826733104609349,0.290055855692432,3.81,4.278126053252444,NYQ,,,0.27564670523444695,0.04496895975798065,13.494225935289382,57.72999954223633,0.0924179029389951,0.10673425078664081,58.0099983215332,44.75
MRK,0000310158,"Merck & Co., Inc.",3775000000,5327000000,17890000000,True,22844000000,2472000000,8231000000,,2026-03-31,2025-12-31,7.28,2020-12-31,2.78,45878000000,45878000000,2026-03-31,48335000000,2025-03-31,47106500000.0,,us-gaap,14115000000,,18100000000,PaymentsToAcquirePropertyPlantAndEquipment,DepreciationDepletionAndAmortization,PaymentsOfDividendsCommonStock,NetIncomeLoss,Revenues,8935000000,2026-03-31,False,B,,65768000000,False,0.21232013056721488,USD,,,-0.03627937460181008,0.5731801814892148,7.28,3.6144822006472492,NYQ,0.22062271405795741,0.22265162867734048,0.13585634351052184,0.9212087297146054,33.3657746198128,120.5999984741211,0.16321579959342003,0.18967658391092523,125.13999938964844,76.66000366210938
BBD,0001160330,BANK BRADESCO,,,,False,,,,,,,,,,,,,,,,,us-gaap,,,,,,,,,,,False,,,,False,,USD,,,-0.21627913114507225,0.2344321838879695,,,NYQ,,,,,,3.369999885559082,,,4.300000190734863,2.7300000190734863
LLY,0000059478,ELI LILLY & Co,,5282000000,20480000000,True,31486600000,895900000,5586000000,,2026-03-31,2025-12-31,22.95,2020-12-31,6.79,31198000000,31198000000,2026-03-31,15764800000,2025-03-31,23481400000.0,,us-gaap,,,29474000000,PaymentsToAcquireProductiveAssets,DepreciationDepletionAndAmortization,PaymentsOfDividends,NetIncomeLoss,Revenues,25277000000,2026-03-31,False,B,,72249000000,False,0.27579995682880676,USD,,,-0.05535495995220929,0.7911121826471437,22.95,28.21408639357071,NYQ,,,0.3498595136264862,0.22099141512046525,39.599368704712724,1117.260009765625,0.15958467471754312,1.0764690350660522,1182.72998046875,623.780029296875
KB,0001445930,KB Financial Group Inc.,,3420587000,,True,,,,,2010-12-31,2010-12-31,-1.516,,,,,,,,,,us-gaap,,stale_2010-12-31,,PaymentsToAcquirePropertyPlantAndEquipment,DepreciationAndAmortization,PaymentsOfDividendsCommonStock,NetIncomeLoss,,,2010-12-31,False,C,,,True,,USD,,,-0.1653996790058576,0.3092649306585895,,,NYQ,,,,,,99.91000366210938,,,119.70999908447266,76.30999755859375
VZ,0000732712,VERIZON COMMUNICATIONS INC,16964000000,8366000000,37339000000,True,121814000000,4210000000,11535000000,48187000000,2026-03-31,2025-12-31,4.06,2020-12-31,4.3,,,,,,,,us-gaap,20375000000,,93144000000,PaymentsToAcquireProductiveAssets,DepreciationAndAmortization,PaymentsOfDividends,NetIncomeLoss,Revenues,17340000000,2026-03-31,False,B,29523000000,139146000000,False,-0.011420692869857585,USD,1.9329694730944031,2.5279432212007387,-0.1160990705218532,0.18989322822164545,4.06,4.118764845605701,NYQ,,,0.12461730843861843,0.6652249134948097,11.09070364964187,45.68000030517578,,,51.68000030517578,38.38999938964844
HWM,0000004281,Howmet Aerospace Inc.,428000000,2435000000,2084000000,True,3686000000,403000000,228000000,2593000000,2026-03-31,2025-12-31,3.71,2019-12-31,1.03,5522000000,5522000000,2026-03-31,4792000000,2025-03-31,5157000000.0,,us-gaap,1656000000,,3050000000,PaymentsToAcquirePropertyPlantAndEquipment,DepreciationDepletionAndAmortization,PaymentsOfDividendsCommonStock,NetIncomeLoss,RevenueFromContractWithCustomerExcludingAssessedTax,1744000000,2026-03-31,False,B,2305000000,8623000000,False,0.29213335357513404,USD,1.1762437331276514,1.4215194755109912,-0.05013249519812535,0.6291531574527862,3.71,4.327543424317618,NYQ,0.19318712085860942,0.2445002214675919,0.20224979705438942,0.13073394495412843,63.79138705052367,276.05999755859375,0.21714682730980517,0.338181113050223,290.6300048828125,169.4499969482422
ING,0001039765,ING GROEP NV,,,,,,,,,,,,,,,,,,,,sin_datos_descargados,,,,,,,,,,,,,,,,,,,,,,,,,,,,,,,,,,,
NMR,0001163653,NOMURA HOLDINGS INC,,19579000000,,True,115636000000,,,,2011-03-31,2011-03-31,0.09,,,,,,,,,,us-gaap,,shares_descartadas_escala;stale_2011-03-31,101534000000,PaymentsToAcquirePropertyPlantAndEquipment,DepreciationAndAmortization,PaymentsOfDividends,NetIncomeLoss,Revenues,,2011-03-31,False,C,,,True,,USD,,,-0.10125263828327469,0.39546183958054404,,,NYQ,,,,,,8.609999656677246,,,9.579999923706055,6.170000076293945
