cik,ticker,fecha_facts,ultimo_period_end,ultimo_filed,n_facts
0000001800,ABT,2026-07-09T03:39:55.046301+00:00,2026-03-31,2026-04-29,6692
0000002488,AMD,2026-07-09T03:39:52.060870+00:00,2026-03-28,2026-05-06,7404
0000002969,APD,2026-07-09T03:39:35.662241+00:00,2026-03-31,2026-04-30,9643
0000004127,SWKS,2026-06-26T03:23:38.030103+00:00,2026-04-03,2026-05-05,7352
0000004281,HWM,2026-07-09T03:40:10.020238+00:00,2026-03-31,2026-05-07,9091
0000004904,AEP,2026-07-09T03:39:43.250096+00:00,2026-03-31,2026-05-05,10618
0000004962,AXP,2026-07-09T03:40:01.975406+00:00,2026-03-31,2026-04-23,9162
0000004977,AFL,2026-07-09T03:39:47.188072+00:00,2026-03-31,2026-05-06,13716
0000005272,AIG,2026-07-09T03:39:39.495436+00:00,2026-03-31,2026-05-01,15495
0000006281,ADI,2026-07-09T03:39:58.210420+00:00,2026-05-02,2026-05-20,7377
0000006951,AMAT,2026-07-09T03:40:05.702124+00:00,2026-04-26,2026-05-21,9537
0000007084,ADM,2026-07-09T03:40:13.688143+00:00,2026-03-31,2026-05-05,11141
0000008670,ADP,2026-07-09T03:40:17.703227+00:00,2026-03-31,2026-04-30,9821
0000008818,AVY,2026-06-26T03:14:56.795549+00:00,2026-03-31,2026-05-05,7165
0000009389,BALL,2026-06-26T03:15:06.230167+00:00,2026-03-31,2026-05-05,9092
0000010456,BAX,2026-06-26T03:15:07.573885+00:00,2026-03-31,2026-04-30,10487
0000010795,BDX,2026-07-09T03:40:24.985895+00:00,2026-03-31,2026-05-07,6710
0000011544,WRB,2026-06-26T03:25:13.546454+00:00,2026-03-31,2026-05-01,10776
0000012927,BA,2026-07-09T03:40:21.423770+00:00,2026-03-31,2026-04-22,10818
0000014272,BMY,2026-07-09T03:40:36.606857+00:00,2026-03-31,2026-04-30,11855
0000014693,BF-A,2026-07-09T03:40:44.900374+00:00,2026-04-30,2026-06-12,7419
0000016918,STZ,2026-07-09T03:40:28.347148+00:00,2026-05-31,2026-07-01,7822
0000018230,CAT,2026-07-09T03:40:32.428002+00:00,2026-03-31,2026-05-06,11120
0000019617,JPM,2026-07-09T03:40:55.139639+00:00,2026-03-31,2026-05-01,16244
0000020286,CINF,2026-06-26T03:15:59.059979+00:00,2026-03-31,2026-04-27,9071
0000021076,CLX,2026-07-09T03:40:41.154004+00:00,2026-03-31,2026-04-30,7131
0000021344,KO,2026-06-26T03:20:07.340018+00:00,2026-04-03,2026-04-30,11674
0000021665,CL,2026-07-09T03:40:48.617101+00:00,2026-03-31,2026-05-01,7183
0000023217,CAG,2026-07-09T03:40:59.122780+00:00,2026-02-22,2026-04-01,9049
0000024545,TAP,2026-08-22T00:48:51.817674+00:00,2026-06-30,2026-08-06,8534
0000024741,GLW,2026-07-09T03:41:02.697101+00:00,2026-03-31,2026-05-01,8270
0000026172,CMI,2026-06-26T03:16:06.538968+00:00,2026-03-31,2026-05-05,11383
0000027419,TGT,2026-07-09T03:41:10.400111+00:00,2026-05-02,2026-05-29,7619
0000027904,DAL,2026-06-26T03:16:41.838206+00:00,2026-03-31,2026-04-08,7050
0000029534,DG,2026-06-26T03:16:50.440033+00:00,2026-05-01,2026-06-02,5735
0000029905,DOV,2026-06-26T03:17:01.277547+00:00,2026-03-31,2026-04-23,9665
0000029989,OMC,2026-07-09T03:41:14.150914+00:00,2026-03-31,2026-04-29,7389
0000031462,ECL,2026-07-09T03:41:18.200369+00:00,2026-03-31,2026-05-07,9497
0000031791,RVTY,2026-06-26T03:23:00.453878+00:00,2026-04-05,2026-05-12,8767
0000032604,EMR,2026-06-26T03:17:25.793656+00:00,2026-03-31,2026-05-05,8883
0000033185,EFX,2026-07-09T03:41:22.647607+00:00,2026-03-31,2026-04-21,7748
0000033213,EQT,2026-07-09T03:41:30.353355+00:00,2026-03-31,2026-04-22,7459
0000034088,XOM,2026-07-09T03:41:26.388901+00:00,2026-03-31,2026-05-04,6350
0000034903,FRT,2026-06-26T03:18:08.153704+00:00,2026-03-31,2026-05-01,6792
0000035527,FITB,2026-06-26T03:18:03.107135+00:00,2026-03-31,2026-05-05,16306
0000036104,USB,2026-06-26T03:24:34.980607+00:00,2026-03-31,2026-05-04,14398
0000036270,MTB,2026-07-09T03:41:34.228560+00:00,2026-03-31,2026-05-05,11783
0000037996,F,2026-07-09T03:41:37.826262+00:00,2026-03-31,2026-04-30,8535
0000038777,BEN,2026-07-09T03:41:41.426739+00:00,2026-03-31,2026-04-28,7824
0000040533,GD,2026-07-09T03:41:48.977165+00:00,2026-04-05,2026-04-29,7036
0000040545,GE,2026-07-09T03:42:07.984078+00:00,2026-03-31,2026-04-21,11670
0000040704,GIS,2026-07-09T03:41:44.978004+00:00,2026-05-31,2026-07-01,8865
0000040987,GPC,2026-07-09T03:42:00.024214+00:00,2026-03-31,2026-04-21,7743
0000045012,HAL,2026-07-09T03:41:56.386644+00:00,2026-03-31,2026-04-24,6381
0000046080,HAS,2026-07-09T03:41:52.732090+00:00,2026-03-29,2026-05-13,9695
0000047111,HSY,2026-07-09T03:42:03.718623+00:00,2026-03-29,2026-04-30,10126
0000047217,HPQ,2026-06-26T03:19:02.797333+00:00,2026-04-30,2026-05-28,11011
0000048465,HRL,2026-07-09T03:42:23.483612+00:00,2026-04-26,2026-05-28,8156
0000048898,HUBB,2026-07-09T03:42:12.017381+00:00,2026-03-31,2026-05-01,9014
0000049071,HUM,2026-07-09T03:42:15.431987+00:00,2026-03-31,2026-04-29,8984
0000049196,HBAN,2026-07-09T03:42:19.887630+00:00,2026-03-31,2026-04-30,13490
0000049826,ITW,2026-07-09T03:42:32.310068+00:00,2026-03-31,2026-05-07,7320
0000050863,INTC,2026-06-26T03:19:25.495446+00:00,2026-03-28,2026-04-24,9054
0000051143,IBM,2026-07-09T03:42:36.483810+00:00,2026-03-31,2026-04-23,11515
0000051253,IFF,2026-07-09T03:42:27.772466+00:00,2026-03-31,2026-05-05,9960
0000051434,IP,2026-07-09T03:42:40.440514+00:00,2026-03-31,2026-05-05,9690
0000052988,J,2026-06-26T03:19:42.763080+00:00,2026-03-27,2026-05-05,10191
0000055785,KMB,2026-06-26T03:20:04.606719+00:00,2026-03-31,2026-04-28,7813
0000056873,KR,2026-07-09T03:42:51.052903+00:00,2026-05-23,2026-06-26,7819
0000059478,LLY,2026-07-09T03:42:43.870011+00:00,2026-03-31,2026-04-30,6415
0000060086,L,2026-07-09T03:42:54.513557+00:00,2026-03-31,2026-05-04,9703
0000060667,LOW,2026-06-26T03:20:25.795084+00:00,2026-05-01,2026-05-28,8549
0000062709,MRSH,2026-06-26T03:21:05.460666+00:00,2026-03-31,2026-04-16,9680
0000062996,MAS,2026-06-26T03:20:37.841684+00:00,2026-03-31,2026-04-22,8748
0000063754,MKC,2026-07-09T03:42:47.361224+00:00,2026-05-31,2026-06-25,7478
0000063908,MCD,2026-07-09T03:43:17.928761+00:00,2026-03-31,2026-05-07,7768
0000064040,SPGI,2026-07-09T03:42:58.196339+00:00,2026-03-31,2026-04-28,8097
0000064803,CVS,2026-07-09T03:43:02.454928+00:00,2026-03-31,2026-05-06,10316
0000065984,ETR,2026-06-26T03:17:37.309259+00:00,2026-03-31,2026-05-01,10192
0000066740,MMM,2026-07-09T03:43:06.432473+00:00,2026-03-31,2026-04-21,9479
0000068505,MSI,2026-07-09T03:43:10.685477+00:00,2026-04-04,2026-05-07,10068
0000070858,BAC,2026-07-09T03:43:23.551194+00:00,2026-03-31,2026-05-01,12573
0000072331,NDSN,2026-07-09T03:43:14.250430+00:00,2026-04-30,2026-05-21,7625
0000072741,ES,2026-07-09T03:43:27.122785+00:00,2026-03-31,2026-05-07,8918
0000072903,XEL,2026-07-09T03:43:38.542355+00:00,2026-03-31,2026-04-30,8137
0000072971,WFC,2026-07-09T03:43:34.577701+00:00,2026-03-31,2026-04-29,14672
0000073124,NTRS,2026-07-09T03:43:30.724033+00:00,2026-03-31,2026-04-30,14010
0000073309,NUE,2026-06-26T03:21:35.309820+00:00,2027-12-31,2026-05-13,8665
0000074208,UDR,2026-07-09T03:43:42.299316+00:00,2026-03-31,2026-04-30,8282
0000075362,PCAR,2026-07-09T03:43:46.113667+00:00,2026-03-31,2026-04-29,6492
0000075677,PKG,2026-06-26T03:22:10.911594+00:00,2026-03-31,2026-05-08,8471
0000076334,PH,2026-06-26T03:22:08.538455+00:00,2026-03-31,2026-05-01,8669
0000077360,PNR,2026-06-26T03:22:17.843333+00:00,2026-03-31,2026-04-28,9781
0000077476,PEP,2026-07-09T03:43:57.866813+00:00,2026-03-21,2026-04-16,10190
0000078003,PFE,2026-07-09T03:43:49.968846+00:00,2026-03-29,2026-05-05,10683
0000079282,BRO,2026-06-26T03:15:25.780202+00:00,2026-03-31,2026-04-27,9126
0000079879,PPG,2026-07-09T03:43:54.133455+00:00,2026-03-31,2026-04-29,10434
0000080424,PG,2026-06-26T03:22:05.865859+00:00,2026-03-31,2026-04-24,7662
0000080661,PGR,2026-07-09T03:44:01.798855+00:00,2026-03-31,2026-05-04,11782
0000084839,ROL,2026-07-09T03:44:05.162789+00:00,2026-03-31,2026-04-23,7091
0000086312,TRV,2026-07-09T03:44:08.844951+00:00,2026-03-31,2026-04-16,8807
0000087347,SLB,2026-06-26T03:23:11.231289+00:00,2026-03-31,2026-04-29,7302
0000089800,SHW,2026-07-09T03:44:23.596646+00:00,2026-03-31,2026-04-28,9509
0000091142,AOS,2026-07-09T03:44:12.282251+00:00,2026-03-31,2026-04-30,5784
0000091419,SJM,2026-07-09T03:44:19.843597+00:00,2026-04-30,2026-06-09,8385
0000091440,SNA,2026-07-09T03:44:16.051905+00:00,2026-04-04,2026-04-23,9445
0000091576,KEY,2026-07-09T03:44:36.080217+00:00,2026-03-31,2026-05-05,12572
0000092122,SO,2026-07-09T03:44:27.557778+00:00,2026-03-31,2026-04-30,9491
0000092230,TFC,2026-07-09T03:44:31.732471+00:00,2026-03-31,2026-05-01,12793
0000092380,LUV,2026-06-26T03:20:29.379723+00:00,2026-03-31,2026-04-23,8463
0000093410,CVX,2026-06-26T03:16:39.283636+00:00,2026-03-31,2026-05-07,10713
0000093556,SWK,2026-07-09T03:44:53.208690+00:00,2026-04-04,2026-04-29,11457
0000093751,STT,2026-07-09T03:44:40.192674+00:00,2026-03-31,2026-04-29,12998
0000096021,SYY,2026-07-09T03:44:49.027608+00:00,2026-03-28,2026-04-29,7792
0000097210,TER,2026-07-09T03:44:45.116047+00:00,2026-03-31,2026-05-01,11489
0000097476,TXN,2026-06-26T03:24:17.637782+00:00,2026-03-31,2026-04-24,7684
0000097745,TMO,2026-07-09T03:44:58.092903+00:00,2026-03-28,2026-05-01,8672
0000100493,TSN,2026-06-26T03:24:12.091814+00:00,2026-03-28,2026-05-04,7324
0000100517,UAL,2026-07-09T03:45:01.645542+00:00,2026-03-31,2026-04-22,6993
0000100885,UNP,2026-07-09T03:45:09.029528+00:00,2026-03-31,2026-04-23,7594
0000101829,RTX,2026-07-09T03:45:05.572353+00:00,2026-03-31,2026-04-21,9981
0000104169,WMT,2026-07-09T03:45:12.753737+00:00,2026-04-30,2026-05-29,7699
0000105634,EME,2026-06-26T03:17:24.699871+00:00,2026-03-31,2026-04-29,7708
0000105770,WST,2026-07-09T03:45:16.190689+00:00,2026-03-31,2026-04-23,10010
0000106040,WDC,2026-06-26T03:25:01.496735+00:00,2026-04-03,2026-05-01,9824
0000106535,WY,2026-06-26T03:25:19.479850+00:00,2026-03-31,2026-05-01,6307
0000107263,WMB,2026-07-09T03:45:20.415259+00:00,2026-03-31,2026-05-04,8378
0000109198,TJX,2026-06-26T03:23:56.054384+00:00,2026-05-02,2026-05-29,8043
0000200406,JNJ,2026-06-26T03:19:49.580671+00:00,2026-03-29,2026-04-22,9299
0000202058,LHX,2026-07-09T03:45:32.655306+00:00,2026-04-03,2026-04-30,8902
0000217346,TXT,2026-06-26T03:24:19.092844+00:00,2026-04-04,2026-04-30,8184
0000277135,GWW,2026-06-26T03:18:44.288399+00:00,2026-03-31,2026-05-07,6998
0000277948,CSX,2026-07-09T03:45:23.805840+00:00,2026-03-31,2026-04-22,6578
0000310158,MRK,2026-07-09T03:45:27.615286+00:00,2026-03-31,2026-05-04,9384
0000310764,SYK,2026-06-26T03:23:41.227302+00:00,2026-03-31,2026-05-11,7833
0000313616,DHR,2026-06-26T03:16:54.137555+00:00,2026-03-27,2026-04-21,8936
0000313927,CHD,2026-07-09T03:45:36.236616+00:00,2026-03-31,2026-05-01,8308
0000315189,DE,2026-06-26T03:16:46.580038+00:00,2026-05-03,2026-05-28,10441
0000315293,AON,2026-07-09T03:45:40.037303+00:00,2026-03-31,2026-05-01,9059
0000316709,SCHW,2026-07-09T03:45:43.924620+00:00,2026-03-31,2026-05-08,11258
0000318154,AMGN,2026-06-26T03:14:33.890701+00:00,2026-03-31,2026-05-01,7796
0000319201,KLAC,2026-07-09T03:45:47.504974+00:00,2026-03-31,2026-04-30,10487
0000320187,NKE,2026-07-09T03:45:50.857556+00:00,2026-02-28,2026-04-01,5823
0000320193,AAPL,2026-06-26T03:13:56.741853+00:00,2026-03-28,2026-05-01,6692
0000320335,GL,2026-07-09T03:46:02.131799+00:00,2026-03-31,2026-05-07,10037
0000352541,LNT,2026-06-26T03:20:24.497228+00:00,2026-03-31,2026-05-01,7412
0000352915,UHS,2026-06-26T03:24:26.123169+00:00,2026-03-31,2026-05-07,7783
0000354190,AJG,2026-07-09T03:45:54.229717+00:00,2026-03-31,2026-05-07,8822
0000354950,HD,2026-06-26T03:18:51.858510+00:00,2026-05-03,2026-05-27,7106
0000702165,NSC,2026-07-09T03:45:57.964136+00:00,2026-03-31,2026-04-24,6455
0000707549,LRCX,2026-07-09T03:46:05.839197+00:00,2026-03-29,2026-04-23,7756
0000711404,COO,2026-07-09T03:46:09.663783+00:00,2026-04-30,2026-06-05,8300
0000712515,EA,2026-06-26T03:17:12.743454+00:00,2026-03-31,2026-05-11,8307
0000713676,PNC,2026-07-09T03:46:18.600994+00:00,2026-03-31,2026-05-05,11526
0000715957,D,2026-07-09T03:46:13.987090+00:00,2026-03-31,2026-05-01,11090
0000719955,WSM,2026-06-26T03:25:15.522636+00:00,2026-05-03,2026-05-22,7036
0000720005,RJF,2026-06-26T03:22:45.403510+00:00,2026-03-31,2026-05-06,11813
0000721371,CAH,2026-08-22T00:48:42.939077+00:00,2026-06-30,2026-08-11,7123
0000723125,MU,2026-07-09T03:46:22.635216+00:00,2026-05-28,2026-06-25,9147
0000723254,CTAS,2026-07-09T03:46:34.237932+00:00,2026-02-28,2026-04-07,7684
0000723531,PAYX,2026-07-09T03:46:30.790570+00:00,2026-02-28,2026-03-26,7384
0000726728,O,2026-07-09T03:46:27.494013+00:00,2026-03-31,2026-05-07,8027
0000726958,CASY,2026-07-09T03:46:43.573780+00:00,2026-04-30,2026-06-22,5516
0000728535,JBHT,2026-06-26T03:19:43.968553+00:00,2026-03-31,2026-04-24,5464
0000731766,UNH,2026-07-09T03:46:39.614811+00:00,2026-03-31,2026-05-05,9024
0000731802,ATO,2026-07-09T03:46:47.558844+00:00,2026-03-31,2026-05-06,7620
0000732712,VZ,2026-07-09T03:46:51.559842+00:00,2026-03-31,2026-05-01,8958
0000732717,T,2026-07-09T03:46:55.598309+00:00,2026-03-31,2026-04-27,10260
0000740260,VTR,2026-07-09T03:47:00.238049+00:00,2026-03-31,2026-04-28,8380
0000745732,ROST,2026-06-26T03:22:55.200777+00:00,2026-05-02,2026-06-02,6666
0000746515,EXPD,2026-06-26T03:17:44.154069+00:00,2026-03-31,2026-05-06,6514
0000749251,IT,2026-07-09T03:47:04.130733+00:00,2026-03-31,2026-05-05,8637
0000753308,NEE,2026-07-09T03:47:08.057152+00:00,2026-03-31,2026-04-23,8371
0000759944,CFG,2026-06-26T03:15:51.383817+00:00,2026-03-31,2026-05-04,13456
0000764180,MO,2026-06-26T03:20:56.950456+00:00,2026-03-31,2026-04-30,7623
0000764478,BBY,2026-07-09T03:47:11.897151+00:00,2026-05-02,2026-06-05,7374
0000764622,PNW,2026-07-09T03:47:15.462618+00:00,2026-03-31,2026-05-04,9086
0000765880,DOC,2026-06-26T03:16:59.668719+00:00,2026-03-31,2026-05-06,10110
0000766704,WELL,2026-07-09T03:47:23.620543+00:00,2026-03-31,2026-04-29,10181
0000769397,ADSK,2026-07-09T03:47:19.254054+00:00,2026-04-30,2026-05-29,9163
0000773840,HON,2026-07-09T03:47:27.440606+00:00,2026-03-31,2026-04-23,9454
0000779152,JKHY,2026-06-26T03:19:48.239828+00:00,2026-03-31,2026-05-07,7410
0000783325,WEC,2026-06-26T03:25:03.100831+00:00,2026-03-31,2026-05-07,10613
0000788784,PEG,2026-07-09T03:47:31.087542+00:00,2026-03-31,2026-05-05,8756
0000789019,MSFT,2026-07-09T03:47:34.646412+00:00,2026-03-31,2026-04-29,9508
0000789570,MGM,2026-07-09T03:47:38.164309+00:00,2026-03-31,2026-04-29,8179
0000796343,ADBE,2026-06-26T03:14:04.728694+00:00,2026-05-29,2026-06-15,8251
0000797468,OXY,2026-07-09T03:47:41.529203+00:00,2026-03-31,2026-05-05,9657
0000798354,FISV,2026-08-22T00:48:46.511897+00:00,2026-06-30,2026-08-07,9750
0000804328,QCOM,2026-06-26T03:22:37.028278+00:00,2026-03-29,2026-04-29,7512
0000811156,CMS,2026-06-26T03:16:07.966281+00:00,2026-03-31,2026-04-28,8737
0000813672,CDNS,2026-06-26T03:15:45.492922+00:00,2026-03-31,2026-05-01,8478
0000814547,FICO,2026-06-26T03:17:58.579959+00:00,2026-03-31,2026-04-28,7775
0000815097,CCL,2026-06-26T03:15:44.293442+00:00,2026-02-28,2026-03-27,5795
0000815556,FAST,2026-06-26T03:17:50.151553+00:00,2026-03-31,2026-04-16,6103
0000820027,AMP,2026-06-26T03:14:35.247494+00:00,2026-03-31,2026-05-07,13555
0000820313,APH,2026-06-26T03:14:45.628763+00:00,2026-03-31,2026-05-01,8375
0000820318,COHR,2026-06-26T03:16:13.369912+00:00,2026-03-31,2026-05-06,9257
0000821189,EOG,2026-06-26T03:17:26.857700+00:00,2026-03-31,2026-05-05,7080
0000822416,PHM,2026-06-26T03:22:09.701547+00:00,2026-03-31,2026-04-23,7639
0000823768,WM,2026-06-26T03:25:08.794040+00:00,2026-03-31,2026-04-29,7566
0000827052,EIX,2026-06-26T03:17:20.891208+00:00,2026-03-31,2026-04-28,7896
0000827054,MCHP,2026-06-26T03:20:40.608410+00:00,2026-03-31,2026-05-21,8570
0000829224,SBUX,2026-06-26T03:23:04.355822+00:00,2026-09-27,2026-04-28,8908
0000831001,C,2026-08-22T00:48:39.253724+00:00,2025-12-31,2026-02-20,14386
0000831259,FCX,2026-06-26T03:17:51.418420+00:00,2026-03-31,2026-05-08,8497
0000832101,IEX,2026-06-26T03:19:20.598483+00:00,2026-03-31,2026-04-29,9261
0000833444,JCI,2026-06-26T03:19:46.986289+00:00,2026-03-31,2026-05-06,10156
0000842023,TECH,2026-06-26T03:23:49.031889+00:00,2026-03-31,2026-05-06,8706
0000849395,CRH,2026-06-26T03:16:24.529707+00:00,2026-03-31,2026-04-30,6789
0000849399,GEN,2026-06-26T03:18:22.403162+00:00,2026-04-03,2026-05-21,9640
0000857005,PTC,2026-06-26T03:22:30.638443+00:00,2026-03-31,2026-05-07,8930
0000858877,CSCO,2026-06-26T03:16:29.730117+00:00,2026-04-25,2026-05-19,13566
0000860730,HCA,2026-06-26T03:18:50.568257+00:00,2026-03-31,2026-04-29,8367
0000860731,TYL,2026-06-26T03:24:20.481788+00:00,2026-03-31,2026-04-29,8773
0000864749,TRMB,2026-06-26T03:24:05.341150+00:00,2026-04-03,2026-05-06,7927
0000865752,MNST,2026-06-26T03:20:55.675394+00:00,2026-03-31,2026-05-08,8580
0000866374,FLEX,2026-06-26T03:18:05.762632+00:00,2026-03-31,2026-05-20,7335
0000866787,AZO,2026-06-26T03:15:01.898431+00:00,2026-05-09,2026-06-12,6777
0000872589,REGN,2026-06-26T03:22:42.094687+00:00,2026-03-31,2026-04-29,6636
0000874716,IDXX,2026-06-26T03:19:19.133848+00:00,2026-03-31,2026-05-05,9660
0000874761,AES,2026-06-26T03:14:14.491495+00:00,2026-05-01,2026-05-05,12723
0000874766,HIG,2026-06-26T03:18:53.278280+00:00,2026-03-31,2026-04-23,11328
0000875045,BIIB,2026-06-26T03:15:14.887875+00:00,2026-03-31,2026-04-29,9712
0000875320,VRTX,2026-06-26T03:24:48.882011+00:00,2026-03-31,2026-05-05,8070
0000877212,ZBRA,2026-06-26T03:25:31.725477+00:00,2026-04-04,2026-05-12,8508
0000878927,ODFL,2026-06-26T03:21:42.138410+00:00,2026-03-31,2026-05-06,5259
0000879101,KIM,2026-06-26T03:20:00.586986+00:00,2026-03-31,2026-04-30,9149
0000879169,INCY,2026-06-26T03:19:23.735670+00:00,2026-03-31,2026-04-28,8448
0000882095,GILD,2026-06-26T03:18:25.602892+00:00,2026-03-31,2026-05-07,9757
0000882184,DHI,2026-06-26T03:16:52.814922+00:00,2026-03-31,2026-04-23,7918
0000882835,ROP,2026-06-26T03:22:54.095210+00:00,2026-03-31,2026-05-01,7887
0000883241,SNPS,2026-06-26T03:23:17.454120+00:00,2026-04-30,2026-05-27,10771
0000884887,RCL,2026-06-26T03:22:38.475442+00:00,2026-03-31,2026-04-30,8520
0000885725,BSX,2026-06-26T03:15:27.105845+00:00,2026-03-31,2026-05-01,10616
0000886982,GS,2026-06-26T03:18:42.981889+00:00,2026-03-31,2026-05-01,14800
0000895126,EXE,2026-06-26T03:17:42.979651+00:00,2026-03-31,2026-04-28,8782
0000895421,MS,2026-06-26T03:21:07.982206+00:00,2026-03-31,2026-05-05,13595
0000896159,CB,2026-06-26T03:15:39.137781+00:00,2026-03-31,2026-04-28,12396
0000896878,INTU,2026-06-26T03:19:27.131619+00:00,2026-04-30,2026-05-20,9435
0000898173,ORLY,2026-06-26T03:21:49.111193+00:00,2026-03-31,2026-05-08,7075
0000898293,JBL,2026-07-09T03:58:40.575624+00:00,2026-05-31,2026-06-30,8834
0000899051,ALL,2026-06-26T03:14:25.507081+00:00,2026-03-31,2026-04-29,12321
0000900075,CPRT,2026-06-26T03:16:22.055580+00:00,2026-04-30,2026-05-29,8354
0000904851,YPF,2026-08-22T00:43:48.742107+00:00,2026-02-19,2026-03-26,3020
0000906107,EQR,2026-06-26T03:17:29.653046+00:00,2026-03-31,2026-04-30,7761
0000906163,NVR,2026-06-26T03:21:37.519896+00:00,2026-03-31,2026-05-06,5163
0000906345,CPT,2026-06-26T03:16:23.232598+00:00,2026-03-31,2026-05-01,7274
0000909037,SQM,2026-06-26T07:40:47.158293+00:00,2024-12-31,2025-04-24,3443
0000909832,COST,2026-06-26T03:16:19.622517+00:00,2026-05-10,2026-06-03,7143
0000910521,DECK,2026-06-26T03:16:47.759076+00:00,2026-03-31,2026-05-22,7158
0000910606,REG,2026-06-26T03:22:40.076425+00:00,2026-03-31,2026-05-04,9023
0000912595,MAA,2026-06-26T03:20:35.200678+00:00,2026-03-31,2026-04-30,6435
0000913059,BBAR,2026-08-22T00:43:57.655930+00:00,2024-12-31,2025-04-04,1945
0000914208,IVZ,2026-06-26T03:19:41.452794+00:00,2026-03-31,2026-05-05,7506
0000915912,AVB,2026-06-26T03:14:54.501020+00:00,2026-03-31,2026-05-07,8146
0000915913,ALB,2026-06-26T03:14:22.763009+00:00,2026-03-31,2026-05-06,10487
0000916076,MLM,2026-06-26T03:20:53.125553+00:00,2026-03-31,2026-04-30,8678
0000916365,TSCO,2026-06-26T03:24:09.154754+00:00,2026-03-28,2026-05-07,7555
0000917851,VALE,2026-08-22T00:44:29.220349+00:00,2025-12-31,2026-03-27,4783
0000920148,LH,2026-06-26T03:20:15.092341+00:00,2026-03-31,2026-05-04,9575
0000920522,ESS,2026-06-26T03:17:34.590164+00:00,2026-03-31,2026-04-29,7617
0000920760,LEN,2026-07-09T03:58:43.324484+00:00,2026-05-31,2026-06-29,5706
0000922224,PPL,2026-06-26T03:22:23.692857+00:00,2026-12-31,2026-05-08,9083
0000922621,ERIE,2026-06-26T03:17:32.122710+00:00,2026-03-31,2026-04-23,6203
0000927066,DVA,2026-06-26T03:17:08.991025+00:00,2026-03-31,2026-05-05,8564
0000927628,COF,2026-06-26T03:16:12.118279+00:00,2026-03-31,2026-05-07,12794
0000927653,MCK,2026-06-26T03:20:41.935819+00:00,2026-03-31,2026-05-08,9427
0000931427,TGS,2026-08-22T00:44:10.178647+00:00,2024-12-31,2025-04-24,1805
0000932470,TEO,2026-08-22T00:44:05.751023+00:00,2025-12-31,2026-03-11,2975
0000933267,IRS,2026-08-22T00:44:20.949318+00:00,2025-06-30,2025-10-24,1690
0000935703,DLTR,2026-06-26T03:16:58.293968+00:00,2026-05-02,2026-05-28,6760
0000936340,DTE,2026-06-26T03:17:06.129642+00:00,2026-03-31,2026-04-30,10998
0000936395,CIEN,2026-06-26T03:15:57.497031+00:00,2026-05-02,2026-06-04,9087
0000936468,LMT,2026-06-26T03:20:23.288175+00:00,2026-03-29,2026-04-23,6866
0000940944,DRI,2026-06-26T03:17:04.694511+00:00,2026-02-22,2026-03-27,7961
0000943452,WAB,2026-06-26T03:24:55.566746+00:00,2026-03-31,2026-04-22,9337
0000943819,RMD,2026-06-26T03:22:49.298366+00:00,2026-03-31,2026-05-01,8462
0000946581,TTWO,2026-06-26T03:24:16.279784+00:00,2026-03-31,2026-05-22,7920
0000947484,ACGL,2026-06-26T03:14:01.926551+00:00,2026-03-31,2026-05-05,11129
0001000228,HSIC,2026-06-26T03:19:05.427679+00:00,2026-03-28,2026-05-05,9580
0001000697,WAT,2026-06-26T03:24:57.013477+00:00,2026-04-04,2026-05-12,9716
0001001250,EL,2026-06-26T03:17:22.184279+00:00,2026-03-31,2026-05-01,8905
0001002047,NTAP,2026-06-26T03:21:32.651321+00:00,2026-05-21,2026-06-05,8780
0001002910,AEE,2026-06-26T03:14:11.473799+00:00,2026-03-31,2026-05-08,8681
0001004980,PCG,2026-06-26T03:21:56.732203+00:00,2026-03-31,2026-04-23,7215
0001013237,FDS,2026-07-09T03:58:49.365389+00:00,2026-05-31,2026-07-01,8562
0001013871,NRG,2026-06-26T03:21:30.103089+00:00,2026-03-31,2026-05-06,9661
0001014473,VRSN,2026-06-26T03:24:46.065485+00:00,2026-03-31,2026-04-23,6352
0001018724,AMZN,2026-06-26T03:14:38.059708+00:00,2026-03-31,2026-04-30,10711
0001020569,IRM,2026-06-26T03:19:35.648460+00:00,2026-03-31,2026-04-30,8695
0001022079,DGX,2026-06-26T03:16:51.655291+00:00,2026-03-31,2026-04-22,8475
0001022671,STLD,2026-06-26T03:23:28.179634+00:00,2026-03-31,2026-04-27,7413
0001024478,ROK,2026-06-26T03:22:51.210659+00:00,2026-03-31,2026-05-05,9340
0001027552,BSAC,2026-06-26T07:40:31.129312+00:00,2025-12-31,2026-02-27,2718
0001031296,FE,2026-06-26T03:17:56.091826+00:00,2026-03-31,2026-04-28,8700
0001032208,SRE,2026-06-26T03:23:25.232089+00:00,2026-03-31,2026-05-07,12494
0001034054,SBAC,2026-06-26T03:23:03.059969+00:00,2026-03-31,2026-05-05,9848
0001034957,CRESY,2026-08-22T00:44:07.964084+00:00,2025-06-30,2025-10-24,1511
0001035002,VLO,2026-06-26T03:24:41.038524+00:00,2026-03-31,2026-04-30,8328
0001035267,ISRG,2026-06-26T03:19:37.169443+00:00,2026-03-31,2026-04-22,9687
0001035443,ARE,2026-06-26T03:14:50.997511+00:00,2026-03-31,2026-04-27,8930
0001035983,FIX,2026-06-26T03:18:04.538604+00:00,2026-03-31,2026-04-23,7759
0001037038,RL,2026-06-26T03:22:47.290871+00:00,2026-03-28,2026-05-21,9144
0001037540,BXP,2026-06-26T03:15:29.701509+00:00,2026-03-31,2026-05-07,9726
0001037646,MTD,2026-06-26T03:21:14.844963+00:00,2026-03-31,2026-05-08,8316
0001037868,AME,2026-06-26T03:14:32.663694+00:00,2026-03-31,2026-04-30,8294
0001039684,OKE,2026-06-26T03:21:43.512646+00:00,2026-03-31,2026-04-29,7898
0001041061,YUM,2026-06-26T03:25:29.236705+00:00,2026-03-31,2026-05-06,8152
0001043277,CHRW,2026-06-26T03:15:53.865645+00:00,2026-03-31,2026-05-01,7435
0001045609,PLD,2026-06-26T03:22:12.212767+00:00,2026-03-31,2026-04-30,7454
0001045810,NVDA,2026-06-26T03:21:36.546852+00:00,2026-04-26,2026-05-20,8980
0001047862,ED,2026-06-26T03:17:16.605513+00:00,2026-03-31,2026-05-07,10140
0001048286,MAR,2026-06-26T03:20:36.429580+00:00,2026-03-31,2026-05-06,5914
0001048695,FFIV,2026-06-26T03:17:57.247728+00:00,2026-03-31,2026-05-05,8988
0001048911,FDX,2026-06-26T03:17:53.949552+00:00,2026-02-28,2026-03-19,7206
0001049659,SID,2026-08-22T00:44:43.767302+00:00,2024-12-31,2025-04-30,2011
0001050915,PWR,2026-06-26T03:22:32.750286+00:00,2026-03-31,2026-04-30,10716
0001051470,CCI,2026-06-26T03:15:43.025406+00:00,2026-03-31,2026-05-07,7643
0001053507,AMT,2026-06-26T03:14:36.718226+00:00,2026-03-31,2026-04-28,10734
0001057352,CSGP,2026-06-26T03:16:30.898201+00:00,2026-03-31,2026-04-29,8534
0001058090,CMG,2026-06-26T03:16:05.169142+00:00,2026-03-31,2026-04-30,6884
0001058290,CTSH,2026-06-26T03:16:34.380309+00:00,2026-03-31,2026-04-29,7844
0001059556,MCO,2026-06-26T03:20:43.485772+00:00,2026-03-31,2026-04-23,12358
0001060391,RSG,2026-06-26T03:22:57.232240+00:00,2026-03-31,2026-05-08,10213
0001061736,FMX,2026-06-26T07:40:39.824992+00:00,2024-12-31,2025-04-24,3062
0001063761,SPG,2026-06-26T03:23:21.256128+00:00,2026-03-31,2026-05-11,7215
0001065088,EBAY,2026-06-26T03:17:13.937544+00:00,2026-03-31,2026-04-29,9547
0001065280,NFLX,2026-06-26T03:21:23.747377+00:00,2026-03-31,2026-04-17,7746
0001066119,VIV,2026-08-22T00:44:52.863929+00:00,2025-12-31,2026-02-24,2608
0001067701,URI,2026-06-26T03:24:33.525614+00:00,2026-03-31,2026-04-22,6827
0001067983,BRK-B,2026-06-26T03:15:24.637356+00:00,2026-03-31,2026-05-04,6943
0001069183,AXON,2026-06-26T03:14:59.125581+00:00,2026-03-31,2026-05-07,9351
0001069202,LII,2026-06-26T03:20:17.943542+00:00,2026-03-31,2026-04-29,9915
0001070750,HST,2026-06-26T03:19:06.625464+00:00,2026-03-31,2026-05-08,6554
0001071739,CNC,2026-06-26T03:16:09.247788+00:00,2026-03-31,2026-04-28,9068
0001073404,GGB,2026-08-22T00:44:40.350708+00:00,2025-12-31,2026-03-13,2483
0001075531,BKNG,2026-06-26T03:15:16.107807+00:00,2026-03-31,2026-04-28,7438
0001076378,CX,2026-06-26T07:40:36.550496+00:00,2024-12-31,2025-04-28,2498
0001086222,AKAM,2026-06-26T03:14:21.428351+00:00,2026-03-31,2026-05-08,8790
0001090012,DVN,2026-06-26T03:17:10.387648+00:00,2026-03-31,2026-05-06,10223
0001090727,UPS,2026-06-26T03:24:32.391539+00:00,2026-03-31,2026-05-06,9410
0001090872,A,2026-06-26T03:13:55.492808+00:00,2026-04-30,2026-06-01,10651
0001091667,CHTR,2026-06-26T03:15:55.150883+00:00,2026-03-31,2026-04-24,7610
0001093557,DXCM,2026-06-26T03:17:11.447492+00:00,2026-03-31,2026-04-30,8159
0001094285,TDY,2026-06-26T03:23:47.793982+00:00,2026-03-29,2026-04-24,7995
0001094972,UGP,2026-08-22T00:44:55.331781+00:00,2024-12-31,2025-04-23,2469
0001095073,EG,2026-06-26T03:17:19.428601+00:00,2026-03-31,2026-05-05,9953
0001097149,ALGN,2026-06-26T03:14:24.094333+00:00,2026-03-31,2026-05-06,7812
0001097864,ON,2026-06-26T03:21:46.652570+00:00,2026-04-03,2026-05-04,10218
0001099219,MET,2026-06-26T03:20:48.153598+00:00,2026-03-31,2026-05-07,17630
0001099590,MELI,2026-06-26T07:40:15.654110+00:00,2026-03-31,2026-05-08,9968
0001099800,EW,2026-06-26T03:17:39.969709+00:00,2026-03-31,2026-05-06,10478
0001100682,CRL,2026-06-26T03:16:25.880005+00:00,2026-03-28,2026-05-07,10657
0001101239,EQIX,2026-06-26T03:17:28.309416+00:00,2026-03-31,2026-04-29,11101
0001103982,MDLZ,2026-06-26T03:20:45.318117+00:00,2026-03-31,2026-04-28,9583
0001108524,CRM,2026-06-26T03:16:27.153068+00:00,2026-04-30,2026-05-28,9430
0001109357,EXC,2026-06-26T03:17:41.430821+00:00,2026-03-31,2026-05-06,10811
0001111711,NI,2026-06-26T03:21:25.170643+00:00,2026-03-31,2026-05-06,10661
0001113169,TROW,2026-06-26T03:24:06.504724+00:00,2026-03-31,2026-04-30,6120
0001114700,GGAL,2026-08-22T00:43:51.128985+00:00,2025-03-31,2025-06-10,3414
0001116132,TPR,2026-06-26T03:24:02.725652+00:00,2026-03-28,2026-05-07,9104
0001119639,PBR,2026-08-22T00:44:26.392657+00:00,2025-06-30,2025-08-26,4301
0001120193,NDAQ,2026-06-26T03:21:18.785837+00:00,2026-03-31,2026-04-24,9588
0001121788,GRMN,2026-06-26T03:18:41.217003+00:00,2026-03-28,2026-04-29,8074
0001123360,GPN,2026-06-26T03:18:39.587765+00:00,2026-03-31,2026-05-08,8878
0001126328,PFG,2026-06-26T03:22:04.524613+00:00,2026-03-31,2026-04-29,11734
0001129137,AMX,2026-06-26T07:40:26.170803+00:00,2025-09-30,2025-11-14,4797
0001130310,CNP,2026-06-26T03:16:10.540106+00:00,2026-03-31,2026-04-23,9553
0001132597,ITUB,2026-08-22T00:44:31.923882+00:00,2024-12-31,2025-04-28,1973
0001133421,NOC,2026-06-26T03:21:27.465125+00:00,2026-03-31,2026-04-21,6927
0001136869,ZBH,2026-06-26T03:25:30.475722+00:00,2026-03-31,2026-05-01,8529
0001136893,FIS,2026-06-26T03:17:59.879831+00:00,2026-03-31,2026-05-08,9367
0001137774,PRU,2026-06-26T03:22:25.482840+00:00,2026-03-31,2026-05-06,15898
0001137789,STX,2026-06-26T03:23:31.837507+00:00,2026-04-03,2026-04-29,8074
0001138118,CBRE,2026-06-26T03:15:41.755193+00:00,2026-03-31,2026-04-23,9310
0001140536,WTW,2026-06-26T03:25:18.339210+00:00,2026-03-31,2026-04-30,10254
0001140859,COR,2026-06-26T03:16:18.512762+00:00,2026-10-31,2026-05-06,8032
0001141391,MA,2026-06-26T03:20:34.121343+00:00,2026-03-31,2026-04-30,9024
0001145197,PODD,2026-06-26T03:22:20.357039+00:00,2026-03-31,2026-05-06,8287
0001156039,ELV,2026-06-26T03:17:23.529707+00:00,2026-03-31,2026-04-22,13239
0001156375,CME,2026-06-26T03:16:03.999474+00:00,2026-03-31,2026-04-24,8635
0001157557,CIG,2026-08-22T00:44:46.034206+00:00,2024-12-31,2025-05-01,2495
0001160330,BBD,2026-08-22T00:44:34.414733+00:00,2025-12-31,2026-03-25,2427
0001163165,COP,2026-06-26T03:16:17.279771+00:00,2026-03-31,2026-04-30,10019
0001164727,NEM,2026-06-26T03:21:22.583247+00:00,2026-03-31,2026-04-23,11363
0001166691,CMCSA,2026-06-26T03:16:02.686376+00:00,2026-03-31,2026-04-23,7398
0001170858,SBS,2026-08-22T00:44:50.372133+00:00,2024-12-31,2025-04-30,2085
0001174922,WYNN,2026-06-26T03:25:20.721271+00:00,2026-03-31,2026-05-07,8638
0001175454,CPAY,2026-06-26T03:16:20.809661+00:00,2026-03-31,2026-05-08,9242
0001176948,ARES,2026-06-26T03:14:52.116830+00:00,2026-03-31,2026-05-08,4323
0001260221,TDG,2026-06-26T03:23:46.525476+00:00,2026-03-28,2026-05-05,8712
0001262039,FTNT,2026-06-26T03:18:10.879653+00:00,2026-03-31,2026-05-08,8820
0001267238,AIZ,2026-06-26T03:14:18.835821+00:00,2026-03-31,2026-05-07,10945
0001274494,FSLR,2026-06-26T03:18:09.590080+00:00,2026-03-31,2026-04-30,10254
0001280452,MPWR,2026-06-26T03:21:01.387968+00:00,2026-03-31,2026-05-04,8950
0001281761,RF,2026-06-26T03:22:43.536861+00:00,2026-03-31,2026-05-07,12948
0001283699,TMUS,2026-06-26T03:24:00.293051+00:00,2026-03-31,2026-04-28,10263
0001285785,MOS,2026-06-26T03:20:58.189275+00:00,2026-03-31,2026-05-11,10716
0001286681,DPZ,2026-06-26T03:17:03.471405+00:00,2026-03-22,2026-04-27,7134
0001289490,EXR,2026-06-26T03:17:46.514928+00:00,2026-03-31,2026-05-01,8172
0001297996,DLR,2026-07-09T15:00:20.411429+00:00,2026-03-31,2026-05-01,7077
0001300514,LVS,2026-06-26T03:20:30.511592+00:00,2026-03-31,2026-04-24,8200
0001316835,BLDR,2026-06-26T03:15:18.512912+00:00,2026-03-31,2026-04-30,7096
0001318605,TSLA,2026-06-26T03:24:10.857198+00:00,2026-03-31,2026-04-23,9342
0001321655,PLTR,2026-06-26T03:22:13.299542+00:00,2026-03-31,2026-05-05,6904
0001324404,CF,2026-06-26T03:15:49.929742+00:00,2026-03-31,2026-05-07,8088
0001324424,EXPE,2026-06-26T03:17:45.317915+00:00,2026-03-31,2026-05-08,7477
0001326160,DUK,2026-06-26T03:17:07.459899+00:00,2026-03-31,2026-05-05,10901
0001326801,META,2026-06-26T03:20:49.375563+00:00,2026-03-31,2026-04-30,7681
0001327567,PANW,2026-06-26T03:21:52.877524+00:00,2026-04-30,2026-06-03,8316
0001327811,WDAY,2026-06-26T03:25:00.015158+00:00,2026-04-30,2026-05-22,9573
0001335258,LYV,2026-06-26T03:20:32.908776+00:00,2026-03-31,2026-05-05,9005
0001336920,LDOS,2026-06-26T03:20:12.638155+00:00,2026-04-03,2026-05-05,8714
0001341439,ORCL,2026-06-26T03:21:47.850631+00:00,2199-12-31,2026-06-22,7969
0001345105,CPA,2026-06-26T07:40:34.663277+00:00,2025-12-31,2026-02-26,2238
0001347426,BMA,2026-08-22T00:43:55.072881+00:00,2024-12-31,2025-04-21,1473
0001347557,PAC,2026-06-26T07:40:45.991335+00:00,2025-03-03,2025-04-24,2053
0001373715,NOW,2026-06-26T03:21:28.636829+00:00,2026-03-31,2026-04-23,7910
0001374310,CBOE,2026-06-26T03:15:40.475492+00:00,2026-03-31,2026-05-01,9731
0001375365,SMCI,2026-06-26T03:23:12.444666+00:00,2026-03-31,2026-05-11,9051
0001378239,OMAB,2026-06-26T07:40:44.061444+00:00,2024-12-31,2025-04-29,1811
0001381197,IBKR,2026-06-26T03:19:14.256456+00:00,2026-03-31,2026-05-07,7630
0001383312,BR,2026-06-26T03:15:23.543394+00:00,2026-03-31,2026-04-30,9092
0001385157,TEL,2026-06-26T03:23:50.279791+00:00,2026-03-27,2026-04-24,7730
0001389170,TRGP,2026-06-26T03:24:03.925300+00:00,2026-03-31,2026-05-07,8382
0001390777,BNY,2026-06-26T03:15:22.434482+00:00,2026-03-31,2026-05-01,18209
0001393052,VEEV,2026-06-26T03:24:37.318555+00:00,2026-04-30,2026-06-05,7977
0001393311,PSA,2026-06-26T03:22:27.057590+00:00,2026-03-31,2026-04-27,6868
0001393818,BX,2026-06-26T03:15:28.362747+00:00,2026-03-31,2026-05-08,8002
0001395213,EDN,2026-08-22T00:44:15.173406+00:00,2024-12-31,2025-04-22,1455
0001396009,VMC,2026-06-26T03:24:43.525465+00:00,2026-03-31,2026-04-29,11237
0001397187,LULU,2026-06-26T03:20:28.123283+00:00,2026-05-03,2026-06-04,7242
0001402057,CDW,2026-06-26T03:15:47.263278+00:00,2026-03-31,2026-05-06,6863
0001403161,V,2026-06-26T03:24:36.202151+00:00,2026-03-31,2026-04-29,7761
0001403568,ULTA,2026-06-26T03:24:27.453083+00:00,2026-05-02,2026-06-02,6436
0001404912,KKR,2026-06-26T03:20:02.048246+00:00,2026-03-31,2026-05-08,8406
0001408198,MSCI,2026-06-26T03:21:09.287538+00:00,2026-03-31,2026-04-21,9654
0001410636,AWK,2026-06-26T03:14:58.005559+00:00,2026-03-31,2026-04-29,8107
0001413329,PM,2026-06-26T03:22:14.560134+00:00,2026-03-31,2026-04-24,9904
0001413447,NXPI,2026-06-26T03:21:39.715456+00:00,2026-03-29,2026-04-28,9745
0001415404,SATS,2026-06-26T03:23:01.840526+00:00,2026-03-31,2026-05-11,9917
0001418135,KDP,2026-06-26T03:19:54.919278+00:00,2026-03-31,2026-04-23,11309
0001430162,CSAN,2026-06-26T07:40:35.600816+00:00,2025-03-31,2025-04-30,2559
0001432364,AZUL,2026-06-26T07:40:29.314456+00:00,2025-12-31,2026-04-03,2362
0001437107,WBD,2026-06-26T03:24:58.466454+00:00,2026-03-31,2026-05-06,10168
0001439124,AXIA,2026-06-26T07:40:28.221784+00:00,2025-01-31,2025-04-17,2858
0001442145,VRSK,2026-06-26T03:24:44.988739+00:00,2026-03-31,2026-04-29,12180
0001444406,EC,2026-06-26T07:40:37.562082+00:00,2024-12-31,2025-04-23,4043
0001466258,TT,2026-06-26T03:24:13.567317+00:00,2026-03-31,2026-04-30,9500
0001467373,ACN,2026-06-26T03:14:03.472583+00:00,2026-05-31,2026-06-18,10204
0001467858,GM,2026-06-26T03:18:31.737684+00:00,2026-03-31,2026-04-28,7962
0001469395,PAM,2026-08-22T00:44:02.811162+00:00,2024-12-31,2025-04-16,1745
0001471055,BSBR,2026-08-22T00:44:48.118048+00:00,2025-12-31,2026-02-27,2754
0001474735,GNRC,2026-06-26T03:18:33.544743+00:00,2026-03-31,2026-05-05,8879
0001478242,IQV,2026-06-26T03:19:32.271665+00:00,2026-03-31,2026-05-05,8087
0001489393,LYB,2026-06-26T03:20:31.733197+00:00,2026-03-31,2026-05-01,8426
0001499849,LND,2026-06-26T07:40:41.576027+00:00,2025-06-30,2025-10-30,1871
0001501585,HII,2026-06-26T03:18:54.997354+00:00,2026-03-31,2026-05-05,7087
0001506307,KMI,2026-06-26T03:20:05.912798+00:00,2026-03-31,2026-04-24,8535
0001510295,MPC,2026-06-26T03:20:59.544350+00:00,2026-03-31,2026-05-05,10442
0001512673,XYZ,2026-06-26T03:25:27.108640+00:00,2026-03-31,2026-05-07,9475
0001513761,NCLH,2026-06-26T03:21:17.497728+00:00,2026-03-31,2026-05-04,6642
0001517399,SUPV,2026-08-22T00:44:00.361862+00:00,2024-12-31,2025-04-21,1910
0001521332,APTV,2026-06-26T03:14:49.727741+00:00,2026-03-31,2026-05-05,11657
0001524472,XYL,2026-06-26T03:25:25.279704+00:00,2026-03-31,2026-04-28,10057
0001534701,PSX,2026-06-26T03:22:29.412677+00:00,2026-03-31,2026-04-29,9214
0001535527,CRWD,2026-06-26T03:16:28.200639+00:00,2026-04-30,2026-06-04,9403
0001539838,FANG,2026-06-26T03:17:48.757538+00:00,2026-03-31,2026-05-06,8426
0001543151,UBER,2026-06-26T03:24:23.653768+00:00,2026-03-31,2026-05-06,9402
0001551152,ABBV,2026-06-26T03:13:57.995591+00:00,2026-03-31,2026-05-08,8792
0001551182,ETN,2026-06-26T03:17:35.918987+00:00,2026-03-31,2026-05-05,7641
0001555280,ZTS,2026-06-26T03:25:33.947297+00:00,2026-03-31,2026-05-07,9462
0001557860,GLOB,2026-08-22T00:44:23.374179+00:00,2025-12-31,2026-02-27,2678
0001559720,ABNB,2026-06-26T03:13:59.199997+00:00,2026-03-31,2026-05-07,7315
0001561550,DDOG,2026-06-26T03:16:45.252016+00:00,2026-03-31,2026-05-07,8029
0001564708,NWSA,2026-06-26T03:21:38.637533+00:00,2026-03-31,2026-05-08,8506
0001565025,ABEV,2026-08-22T00:44:38.119658+00:00,2025-12-31,2026-03-03,2853
0001571949,ICE,2026-06-26T03:19:17.598430+00:00,2026-03-31,2026-04-30,9343
0001571996,DELL,2026-06-26T03:16:49.333728+00:00,2026-05-01,2026-06-09,13032
0001579241,ALLE,2026-06-26T03:14:26.717983+00:00,2026-03-31,2026-04-28,8029
0001585689,HLT,2026-06-26T03:18:56.247608+00:00,2026-03-31,2026-04-28,7393
0001596532,ANET,2026-06-26T03:14:39.293195+00:00,2026-03-31,2026-05-06,8334
0001601046,KEYS,2026-06-26T03:19:57.859877+00:00,2026-04-30,2026-06-04,10503
0001601712,SYF,2026-06-26T03:23:40.040107+00:00,2026-03-31,2026-04-23,8537
0001609711,GDDY,2026-06-26T03:18:14.748268+00:00,2026-03-31,2026-05-01,8038
0001613103,MDT,2026-06-26T03:20:46.442265+00:00,2026-04-24,2026-06-18,9739
0001633917,PYPL,2026-06-26T03:22:34.543914+00:00,2026-03-31,2026-05-05,10633
0001633978,LITE,2026-06-26T03:20:20.700856+00:00,2026-03-28,2026-05-06,9754
0001637459,KHC,2026-06-26T03:19:59.132755+00:00,2026-03-28,2026-05-06,9559
0001645590,HPE,2026-06-26T03:19:01.445488+00:00,2026-04-30,2026-06-02,11058
0001652044,GOOGL,2026-06-26T03:18:35.220420+00:00,2026-03-31,2026-04-30,10259
0001659166,FTV,2026-06-26T03:18:12.153142+00:00,2026-04-03,2026-04-30,8347
0001659939,ENIC,2026-06-26T07:40:38.699882+00:00,2024-12-31,2025-04-29,2778
0001666700,DD,2026-06-26T03:16:44.043787+00:00,2026-03-31,2026-05-05,11293
0001671933,TTD,2026-06-26T03:24:15.138359+00:00,2026-03-31,2026-05-07,6113
0001674101,VRT,2026-06-26T03:24:47.511810+00:00,2026-03-31,2026-04-22,8941
0001679788,COIN,2026-06-26T03:16:14.631483+00:00,2026-03-31,2026-05-07,8247
0001682852,MRNA,2026-06-26T03:21:03.996907+00:00,2026-03-31,2026-05-01,8932
0001687229,INVH,2026-06-26T03:19:28.652901+00:00,2026-03-31,2026-04-30,9972
0001690820,CVNA,2026-06-26T03:16:36.679532+00:00,2026-03-31,2026-04-29,7260
0001691493,NU,2026-08-22T00:44:59.877076+00:00,2024-12-31,2025-04-16,1103
0001692819,VST,2026-06-26T03:24:49.943764+00:00,2026-03-31,2026-05-08,10535
0001699150,IR,2026-06-26T03:19:33.623165+00:00,2026-03-31,2026-04-29,10342
0001701605,BKR,2026-06-26T03:15:17.356846+00:00,2026-03-31,2026-04-24,8036
0001705696,VICI,2026-06-26T03:24:39.351441+00:00,2026-03-31,2026-04-29,7648
0001707925,LIN,2026-06-26T03:20:19.170130+00:00,2026-03-31,2026-05-01,9221
0001711269,EVRG,2026-06-26T03:17:38.548719+00:00,2026-03-31,2026-05-07,9141
0001711375,LOMA,2026-08-22T00:44:18.036099+00:00,2024-12-31,2025-04-29,1882
0001712807,PAGS,2026-08-22T00:45:04.560891+00:00,2024-12-31,2025-04-29,1624
0001717161,CEPU,2026-08-22T00:44:12.736072+00:00,2024-12-31,2025-04-25,1535
0001730168,AVGO,2026-06-26T03:14:55.611849+00:00,2026-05-03,2026-06-09,8944
0001739940,CI,2026-06-26T03:15:56.310628+00:00,2026-03-31,2026-04-30,8653
0001744489,DIS,2026-06-26T03:16:55.340942+00:00,2026-03-28,2026-05-06,10363
0001745431,STNE,2026-08-22T00:45:02.139668+00:00,2024-12-31,2025-04-24,1866
0001748790,AMCR,2026-06-26T03:14:29.429750+00:00,2026-03-31,2026-05-07,10074
0001751008,APP,2026-06-26T03:14:48.094049+00:00,2026-03-31,2026-05-06,6721
0001751788,DOW,2026-06-26T03:17:02.356930+00:00,2026-03-31,2026-04-24,11802
0001754301,FOXA,2026-06-26T03:18:06.964141+00:00,2026-03-31,2026-05-11,6823
0001755672,CTVA,2026-06-26T03:16:35.594422+00:00,2027-12-31,2026-05-06,10333
0001757898,STE,2026-06-26T03:23:26.998272+00:00,2026-03-31,2026-05-29,10071
0001762506,VIST,2026-06-26T07:40:49.788440+00:00,2025-03-31,2025-04-09,2224
0001769484,BIOX,2026-06-26T07:40:12.377519+00:00,2033-09-30,2026-03-13,6707
0001781335,OTIS,2026-06-26T03:21:50.467523+00:00,2026-03-31,2026-04-23,10200
0001783180,CARR,2026-06-26T03:15:35.108514+00:00,2026-03-31,2026-04-30,9875
0001783879,HOOD,2026-06-26T03:18:59.788028+00:00,2026-03-31,2026-04-29,8296
0001787425,XP,2026-08-22T00:44:57.601377+00:00,2024-12-31,2025-04-24,2409
0001788257,BWMX,2026-06-26T07:40:32.929745+00:00,2024-12-31,2025-04-29,1890
0001792044,VTRS,2026-06-26T03:24:52.603660+00:00,2026-03-31,2026-05-07,9315
0001792789,DASH,2026-06-26T03:16:42.937610+00:00,2026-03-31,2026-05-06,8101
0001793663,VTEX,2026-08-22T00:45:07.160620+00:00,2025-12-31,2026-02-26,2301
0001811074,TPL,2026-06-26T03:24:01.370584+00:00,2026-03-31,2026-05-06,6203
0001826168,TIMB,2026-06-26T07:40:48.049019+00:00,2025-12-31,2026-03-30,2000
0001834048,ASAIY,2026-06-26T07:40:27.233489+00:00,2024-12-31,2025-04-01,2253
0001835632,MRVL,2026-06-26T03:21:06.508909+00:00,2026-05-02,2026-05-28,7714
0001836934,ZENVF,2026-06-26T07:40:51.695217+00:00,2024-12-31,2025-05-16,1790
0001841666,APA,2026-06-26T03:14:42.969887+00:00,2026-03-31,2026-05-07,7947
0001858681,APO,2026-06-26T03:14:46.930676+00:00,2026-03-31,2026-05-07,8390
0001864163,INTR,2026-06-26T07:40:19.360068+00:00,2028-12-31,2025-04-30,2247
0001868275,CEG,2026-06-26T03:15:48.591241+00:00,2026-03-31,2026-05-11,8723
0001932393,GEHC,2026-06-26T03:18:20.033999+00:00,2026-03-31,2026-04-29,6973
0001944048,KVUE,2026-06-26T03:20:09.856080+00:00,2026-03-29,2026-05-07,5569
0001964738,SOLV,2026-06-26T03:23:20.147728+00:00,2026-03-31,2026-05-05,2907
0001967680,VLTO,2026-06-26T03:24:42.017606+00:00,2026-04-03,2026-04-29,3477
0001969373,VTMX,2026-06-26T07:40:50.759925+00:00,2025-12-31,2026-03-17,1377
0001973266,TKO,2026-06-26T03:23:57.202412+00:00,2026-03-31,2026-05-06,4218
0001996810,GEV,2026-06-26T03:18:23.857231+00:00,2026-03-31,2026-04-22,3748
0001996862,BG,2026-06-26T03:15:13.564013+00:00,2026-03-31,2026-04-29,4793
0002005951,SW,2026-06-26T03:23:34.591643+00:00,2026-03-31,2026-05-01,3036
0002012383,BLK,2026-06-26T03:15:19.498240+00:00,2026-03-31,2026-05-06,2957
0002023554,SNDK,2026-06-26T03:23:15.762538+00:00,2026-04-03,2026-05-01,2527
0002041610,PSKY,2026-06-26T03:22:28.044138+00:00,2026-03-31,2026-05-04,1581
0002058873,Q,2026-06-26T03:22:35.603235+00:00,2026-03-31,2026-05-12,1204
BYMA-A3,A3,2026-06-26T23:22:50.145351+00:00,2025-06-30,2025-06-30,676
BYMA-AGRO,AGRO,2026-06-26T23:22:52.376553+00:00,2025-12-31,2025-12-31,546
BYMA-ALUA,ALUA,2026-06-26T23:18:48.357843+00:00,2025-06-30,2025-06-30,625
BYMA-AUSO,AUSO,2026-06-26T23:22:54.854107+00:00,2025-12-31,2025-12-31,546
BYMA-BHIP,BHIP,2026-06-26T23:22:57.151855+00:00,2025-12-31,2025-12-31,473
BYMA-BOLT,BOLT,2026-06-26T23:22:59.669022+00:00,2025-10-31,2025-10-31,660
BYMA-BPAT,BPAT,2026-06-26T23:23:01.953366+00:00,2025-12-31,2025-12-31,470
BYMA-BYMA,BYMA,2026-06-26T23:22:34.041640+00:00,2025-12-31,2025-12-31,600
BYMA-CADO,CADO,2026-06-26T23:23:04.267835+00:00,2025-06-30,2025-06-30,529
BYMA-CAPX,CAPX,2026-06-26T23:23:06.496648+00:00,2025-04-30,2025-04-30,620
BYMA-CARC,CARC,2026-06-26T23:23:08.623832+00:00,2025-12-31,2025-12-31,460
BYMA-CECO2,CECO2,2026-06-26T23:23:11.111325+00:00,2024-12-31,2024-12-31,598
BYMA-CELU,CELU,2026-06-26T23:23:13.285073+00:00,2024-05-31,2024-05-31,490
BYMA-CGPA2,CGPA2,2026-06-26T23:23:15.703261+00:00,2025-12-31,2025-12-31,645
BYMA-COME,COME,2026-06-26T23:22:36.329386+00:00,2025-12-31,2025-12-31,665
BYMA-COUR,COUR,2026-06-26T23:29:31.337711+00:00,2025-06-30,2025-06-30,611
BYMA-CTIO,CTIO,2026-06-26T23:23:17.960700+00:00,2025-12-31,2025-12-31,648
BYMA-CVH,CVH,2026-06-26T23:23:20.224992+00:00,2025-12-31,2025-12-31,721
BYMA-DGCE,DGCE,2026-06-26T23:29:33.625249+00:00,2025-12-31,2025-12-31,285
BYMA-DGCU2,DGCU2,2026-06-26T23:23:22.389907+00:00,2025-12-31,2025-12-31,591
BYMA-DOME,DOME,2026-06-26T23:23:24.872417+00:00,2025-04-30,2025-04-30,516
BYMA-ECOG,ECOG,2026-06-26T23:23:27.073703+00:00,2025-12-31,2025-12-31,307
BYMA-EDSH,EDSH,2026-06-26T23:29:35.890462+00:00,2025-12-31,2025-12-31,626
BYMA-FERR,FERR,2026-06-26T23:23:29.298115+00:00,2025-06-30,2025-06-30,629
BYMA-FIPL,FIPL,2026-06-26T23:23:31.494099+00:00,2025-06-30,2025-06-30,594
BYMA-GAMI,GAMI,2026-06-26T23:23:33.746860+00:00,2025-10-31,2025-10-31,602
BYMA-GARO,GARO,2026-06-26T23:23:36.191842+00:00,2025-06-30,2025-06-30,581
BYMA-GBAN,GBAN,2026-06-26T23:23:38.375338+00:00,2025-12-31,2025-12-31,591
BYMA-GCDI,GCDI,2026-06-26T23:23:40.760838+00:00,2025-12-31,2025-12-31,629
BYMA-GCLA,GCLA,2026-06-26T23:23:43.319540+00:00,2025-12-31,2025-12-31,715
BYMA-GRIM,GRIM,2026-06-26T23:17:11.535333+00:00,2025-12-31,2025-12-31,600
BYMA-HARG,HARG,2026-06-26T23:19:18.192833+00:00,2025-12-31,2025-12-31,645
BYMA-HAVA,HAVA,2026-06-26T23:23:45.536605+00:00,2025-12-31,2025-12-31,674
BYMA-INTR,INTR,2026-06-26T23:23:51.803258+00:00,2025-06-30,2025-06-30,633
BYMA-INVJ,INVJ,2026-06-26T23:23:54.166386+00:00,2023-09-30,2023-09-30,460
BYMA-LEDE,LEDE,2026-06-26T23:19:13.281539+00:00,2025-05-31,2025-05-31,590
BYMA-LONG,LONG,2026-06-26T23:23:56.425274+00:00,2025-12-31,2025-12-31,579
BYMA-METR,METR,2026-06-26T23:22:38.503521+00:00,2025-12-31,2025-12-31,625
BYMA-MIRG,MIRG,2026-06-26T23:18:50.663596+00:00,2025-12-31,2025-12-31,725
BYMA-MOLA,MOLA,2026-06-26T23:23:58.643584+00:00,2026-03-31,2026-03-31,611
BYMA-MOLI,MOLI,2026-06-26T23:24:01.165979+00:00,2025-12-31,2025-12-31,658
BYMA-MORI,MORI,2026-06-26T23:24:03.381536+00:00,2025-12-31,2025-12-31,590
BYMA-OEST,OEST,2026-06-26T23:24:05.616934+00:00,2025-12-31,2025-12-31,564
BYMA-PATA,PATA,2026-06-26T23:24:07.962083+00:00,2025-06-30,2025-06-30,689
BYMA-POLL,POLL,2026-06-26T23:29:38.025535+00:00,2025-12-31,2025-12-31,393
BYMA-RAGH,RAGH,2026-06-26T23:35:17.969099+00:00,2026-02-28,2026-02-28,422
BYMA-REGE,REGE,2026-06-26T23:29:40.228030+00:00,2025-08-31,2025-08-31,524
BYMA-RICH,RICH,2026-06-26T23:24:10.213236+00:00,2025-12-31,2025-12-31,666
BYMA-RIGO,RIGO,2026-06-26T23:24:12.354744+00:00,2024-11-30,2024-11-30,558
BYMA-ROSE,ROSE,2026-06-26T23:24:14.578270+00:00,2025-12-31,2025-12-31,543
BYMA-SAMI,SAMI,2026-06-26T23:19:15.914009+00:00,2025-12-31,2025-12-31,650
BYMA-SEMI,SEMI,2026-06-26T23:24:16.726627+00:00,2025-05-31,2025-05-31,555
BYMA-TGNO4,TGNO4,2026-06-26T23:22:40.771911+00:00,2025-12-31,2025-12-31,636
BYMA-TRAN,TRAN,2026-06-26T23:22:42.959124+00:00,2025-12-31,2025-12-31,588
BYMA-TXAR,TXAR,2026-06-26T23:22:45.603780+00:00,2025-12-31,2025-12-31,644
BYMA-VALO,VALO,2026-06-26T23:22:47.738269+00:00,2025-12-31,2025-12-31,571
