company_id,ticker_empresa,nombre,tipo,ticker,mercado,moneda,isin,cusip,ratio,precio,fuente_precio
30525698412,A3,,ordinaria_ar,A3,BYMA,ARS,,,,3425.0,iamc/yfinance
30503087967,AGRO,,ordinaria_ar,AGRO,BYMA,ARS,,,,40.2,iamc/yfinance
30522780606,ALUA,,ordinaria_ar,ALUA,BYMA,ARS,,,,968.5,iamc/yfinance
30677237119,AUSO,,ordinaria_ar,AUSO,BYMA,ARS,,,,3455.0,iamc/yfinance
30500011072,BHIP,,ordinaria_ar,BHIP,BYMA,ARS,,,,354.5,iamc/yfinance
30709967424,BOLT,,ordinaria_ar,BOLT,BYMA,ARS,,,,46.4,iamc/yfinance
30500179151,BOLT_2,,ordinaria_ar,BOLT_2,BYMA,ARS,,,,,iamc/yfinance
30500006613,BPAT,,ordinaria_ar,BPAT,BYMA,ARS,,,,2230.0,iamc/yfinance
30715471953,BYMA,,ordinaria_ar,BYMA,BYMA,ARS,,,,309.75,iamc/yfinance
30525406756,CADO,,ordinaria_ar,CADO,BYMA,ARS,,,,563.0,iamc/yfinance
30629827060,CAPX,,ordinaria_ar,CAPX,BYMA,ARS,,,,4275.0,iamc/yfinance
30504249227,CARC,,ordinaria_ar,CARC,BYMA,ARS,,,,20.4,iamc/yfinance
30652254248,CECO2,,ordinaria_ar,CECO2,BYMA,ARS,,,,522.0,iamc/yfinance
30501062150,CELU,,ordinaria_ar,CELU,BYMA,ARS,,,,266.5,iamc/yfinance
30657864427,CGPA2,,ordinaria_ar,CGPA2,BYMA,ARS,,,,1975.0,iamc/yfinance
33526316989,COME,,ordinaria_ar,COME,BYMA,ARS,,,,45.42,iamc/yfinance
30709130354,COUR,,ordinaria_ar,COUR,BYMA,ARS,,,,3400.0,iamc/yfinance
30587480359,CTIO,,ordinaria_ar,CTIO,BYMA,ARS,,,,2120.0,iamc/yfinance
30715591231,CVH,,ordinaria_ar,CVH,BYMA,ARS,,,,9440.0,iamc/yfinance
33657865279,DGCE,,ordinaria_ar,DGCE,BYMA,ARS,,,,1850.0,iamc/yfinance
33657865589,DGCU2,,ordinaria_ar,DGCU2,BYMA,ARS,,,,1625.0,iamc/yfinance
30501999470,DOME,,ordinaria_ar,DOME,BYMA,ARS,,,,64.2,iamc/yfinance
30658275522,ECOG,,ordinaria_ar,ECOG,BYMA,ARS,,,,3035.0,iamc/yfinance
30712506497,EDSH,,ordinaria_ar,EDSH,BYMA,ARS,,,,1000.0,iamc/yfinance
30525341263,FERR,,ordinaria_ar,FERR,BYMA,ARS,,,,20.25,iamc/yfinance
30502112259,FIPL,,ordinaria_ar,FIPL,BYMA,ARS,,,,169.0,iamc/yfinance
30509284861,GARO,,ordinaria_ar,GARO,BYMA,ARS,,,,415.0,iamc/yfinance
30657864117,GBAN,,ordinaria_ar,GBAN,BYMA,ARS,,,,1920.0,iamc/yfinance
30709282537,GCDI,,ordinaria_ar,GCDI,BYMA,ARS,,,,12.8,iamc/yfinance
30707001735,GCLA,,ordinaria_ar,GCLA,BYMA,ARS,,,,4190.0,iamc/yfinance
30500781293,GRIM,,ordinaria_ar,GRIM,BYMA,ARS,,,,2270.0,iamc/yfinance
30501111127,HARG,,ordinaria_ar,HARG,BYMA,ARS,,,,1555.0,iamc/yfinance
30708544082,HAVA,,ordinaria_ar,HAVA,BYMA,ARS,,,,5260.0,iamc/yfinance
30501290323,INTR,,ordinaria_ar,INTR,BYMA,ARS,,,,295.0,iamc/yfinance
30640285431,INVJ,,ordinaria_ar,INVJ,BYMA,ARS,,,,433.0,iamc/yfinance
30501250305,LEDE,,ordinaria_ar,LEDE,BYMA,ARS,,,,745.0,iamc/yfinance
30500833781,LONG,,ordinaria_ar,LONG,BYMA,ARS,,,,16.45,iamc/yfinance
30657863676,METR,,ordinaria_ar,METR,BYMA,ARS,,,,1923.0,iamc/yfinance
30578036071,MIRG,,ordinaria_ar,MIRG,BYMA,ARS,,,,17200.0,iamc/yfinance
30715118773,MOLA,,ordinaria_ar,MOLA,BYMA,ARS,,,,22725.0,iamc/yfinance
30500858628,MOLI,,ordinaria_ar,MOLI,BYMA,ARS,,,,2550.0,iamc/yfinance
30525346389,MORI,,ordinaria_ar,MORI,BYMA,ARS,,,,26.5,iamc/yfinance
30663498513,OEST,,ordinaria_ar,OEST,BYMA,ARS,,,,743.0,iamc/yfinance
30506730038,PATA_2,,ordinaria_ar,PATA_2,BYMA,ARS,,,,,iamc/yfinance
30538748478,POLL,,ordinaria_ar,POLL,BYMA,ARS,,,,290.0,iamc/yfinance
30620880600,RAGH,,ordinaria_ar,RAGH,BYMA,ARS,,,,1800.0,iamc/yfinance
33528807939,REGE,,ordinaria_ar,REGE,BYMA,ARS,,,,7100.0,iamc/yfinance
30501152826,RICH,,ordinaria_ar,RICH,BYMA,ARS,,,,1565.0,iamc/yfinance
30500526935,RIGO,,ordinaria_ar,RIGO,BYMA,ARS,,,,465.0,iamc/yfinance
30501407093,ROSE,,ordinaria_ar,ROSE,BYMA,ARS,,,,160.0,iamc/yfinance
30511190238,SAMI,,ordinaria_ar,SAMI,BYMA,ARS,,,,544.0,iamc/yfinance
30536928703,SEMI,,ordinaria_ar,SEMI,BYMA,ARS,,,,16.8,iamc/yfinance
30657863056,TGNO4,,ordinaria_ar,TGNO4,BYMA,ARS,,,,3980.0,iamc/yfinance
30663148776,TRAN,,ordinaria_ar,TRAN,BYMA,ARS,,,,3682.5,iamc/yfinance
30516888241,TXAR,,ordinaria_ar,TXAR,BYMA,ARS,,,,664.5,iamc/yfinance
30576124275,VALO,,ordinaria_ar,VALO,BYMA,ARS,,,,653.5,iamc/yfinance
30696170580,CAAP,,adr,CAAP,NYSE,USD,,,,24.63,yfinance
30696170580,CAAP,,ordinaria_ar,CAAP,BYMA,ARS,,,,,iamc
30509300700,CRES,,adr,CRESY,NYSE,USD,US2264061068,226406106,10,10.54,yfinance
30509300700,CRES,,ordinaria_ar,CRES,BYMA,ARS,,,,1668.0,iamc
30500530851,LOMA,,adr,LOMA,NYSE,USD,US54150E1047,54150E104,5,11.1,yfinance
30500530851,LOMA,,ordinaria_ar,LOMA,BYMA,ARS,,,,3497.5,iamc
33515950899,VIST,,adr,VIST,NYSE,USD,US92837L1098,92837L109,1,65.25,yfinance
33515950899,VIST,,ordinaria_ar,VIST,BYMA,ARS,,,,102966.97,iamc
30500001735,GGALB,,adr,GGALB,NYSE,USD,,,,50.25,yfinance
30500001735,GGALB,,ordinaria_ar,GGALB,BYMA,ARS,,,,,iamc
30657862068,TGSU2,,adr,TGS,NYSE,USD,US8938702045,893870204,5,29.45,yfinance
30657862068,TGSU2,,ordinaria_ar,TGSU2,BYMA,ARS,,,,9310.0,iamc
30526552659,PAMP,,adr,PAM,NYSE,USD,US6976602077,697660207,25,82.46,yfinance
30526552659,PAMP,,ordinaria_ar,PAMP,BYMA,ARS,,,,5205.0,iamc
30525322749,IRSA,,adr,IRS,NYSE,USD,US4500472042,450047204,10,15.29,yfinance
30525322749,IRSA,,ordinaria_ar,IRSA,BYMA,ARS,,,,2405.0,iamc
30704962807,GGAL,,adr,GGAL,NYSE,USD,US3999091008,399909100,10,50.25,yfinance
30704962807,GGAL,,ordinaria_ar,GGAL,BYMA,ARS,,,,7880.0,iamc
30617442937,SUPV,,adr,SUPV,NYSE,USD,US40054A1088,40054A108,5,9.56,yfinance
30617442937,SUPV,,ordinaria_ar,SUPV,BYMA,ARS,,,,3007.5,iamc
30500003193,BBAR,,adr,BBAR,NYSE,USD,US0589341009,058934100,3,19.49,yfinance
30500003193,BBAR,,ordinaria_ar,BBAR,BYMA,ARS,,,,10200.0,iamc
30639453738,TECO2,,adr,TEO,NYSE,USD,US8792732096,879273209,5,12.97,yfinance
30639453738,TECO2,,ordinaria_ar,TECO2,BYMA,ARS,,,,4120.0,iamc
33500005179,SUPVB,,adr,SUPVB,NYSE,USD,,,,9.56,yfinance
33500005179,SUPVB,,ordinaria_ar,SUPVB,BYMA,ARS,,,,,iamc
33650305499,CEPU,,adr,CEPU,NYSE,USD,US1550382014,155038201,10,14.66,yfinance
33650305499,CEPU,,ordinaria_ar,CEPU,BYMA,ARS,,,,2315.0,iamc
30714128309,YPFLUZ,,adr,YPFLUZ,NYSE,USD,,,,,yfinance
30714128309,YPFLUZ,,ordinaria_ar,YPFLUZ,BYMA,ARS,,,,,iamc
30546689979,YPFD,,adr,YPF,NYSE,USD,US9842451000,984245100,1,47.9,yfinance
30546689979,YPFD,,ordinaria_ar,YPFD,BYMA,ARS,,,,75775.0,iamc
0001090872,A,"AGILENT TECHNOLOGIES, INC.",ordinaria,A,US,USD,,,,133.59,yfinance
0000320193,AAPL,Apple Inc.,ordinaria,AAPL,US,USD,US0378331005,037833100,,316.22,yfinance
0000320193,AAPL,Apple Inc.,cedear,AAPL,BYMA,ARS,ARDEUT116183,,20:1,24950.3566,derivado (usd*ccl/ratio)
0001551152,ABBV,AbbVie Inc.,ordinaria,ABBV,US,USD,US00287Y1091,00287Y109,,249.91,yfinance
0001551152,ABBV,AbbVie Inc.,cedear,ABBV,BYMA,ARS,ARBCOM4603M9,,10:1,39436.7446,derivado (usd*ccl/ratio)
0001559720,ABNB,"Airbnb, Inc.",ordinaria,ABNB,US,USD,,,,146.89,yfinance
0000001800,ABT,ABBOTT LABORATORIES,ordinaria,ABT,US,USD,US0028241000,002824100,,94.4,yfinance
0000001800,ABT,ABBOTT LABORATORIES,cedear,ABT,BYMA,ARS,ARDEUT110608,,4:1,37241.694,derivado (usd*ccl/ratio)
0000947484,ACGL,ARCH CAPITAL GROUP LTD.,ordinaria,ACGL,US,USD,,,,101.7,yfinance
0001467373,ACN,Accenture plc,ordinaria,ACN,US,USD,IE00B4BNMY34,,,139.06,yfinance
0001467373,ACN,Accenture plc,cedear,ACN,BYMA,ARS,AR0334997050,,75:1,2925.8925,derivado (usd*ccl/ratio)
0000796343,ADBE,ADOBE INC.,ordinaria,ADBE,US,USD,US00724F1012,00724F101,,222.65,yfinance
0000796343,ADBE,ADOBE INC.,cedear,ADBE,BYMA,ARS,ARBCOM460192,,44:1,7985.23,derivado (usd*ccl/ratio)
0000006281,ADI,ANALOG DEVICES INC,ordinaria,ADI,US,USD,US0326541051,032654105,,393.64,yfinance
0000006281,ADI,ANALOG DEVICES INC,cedear,ADI,BYMA,ARS,ARDEUT110616,,15:1,41411.9229,derivado (usd*ccl/ratio)
0000007084,ADM,Archer-Daniels-Midland Co,ordinaria,ADM,US,USD,,,,78.98,yfinance
0000008670,ADP,AUTOMATIC DATA PROCESSING INC,ordinaria,ADP,US,USD,US0530151036,053015103,,241.28,yfinance
0000008670,ADP,AUTOMATIC DATA PROCESSING INC,cedear,ADP,BYMA,ARS,ARDEUT110681,,6:1,63458.1619,derivado (usd*ccl/ratio)
0000769397,ADSK,"Autodesk, Inc.",ordinaria,ADSK,US,USD,,,,208.58,yfinance
0001002910,AEE,AMEREN CORP,ordinaria,AEE,US,USD,,,,111.77,yfinance
0000004904,AEP,AMERICAN ELECTRIC POWER CO INC,ordinaria,AEP,US,USD,,,,133.85,yfinance
0000874761,AES,AES CORP,ordinaria,AES,US,USD,,,,14.73,yfinance
0000004977,AFL,AFLAC INC,ordinaria,AFL,US,USD,,,,121.99,yfinance
0000005272,AIG,"AMERICAN INTERNATIONAL GROUP, INC.",ordinaria,AIG,US,USD,US0268747849,026874784,,79.11,yfinance
0000005272,AIG,"AMERICAN INTERNATIONAL GROUP, INC.",cedear,AIG,BYMA,ARS,ARDEUT110640,,5:1,24967.7151,derivado (usd*ccl/ratio)
0001267238,AIZ,"ASSURANT, INC.",ordinaria,AIZ,US,USD,,,,279.2,yfinance
0000354190,AJG,Arthur J. Gallagher & Co.,ordinaria,AJG,US,USD,,,,253.76,yfinance
0001086222,AKAM,AKAMAI TECHNOLOGIES INC,ordinaria,AKAM,US,USD,,,,129.52,yfinance
0000915913,ALB,ALBEMARLE CORP,ordinaria,ALB,US,USD,,,,128.42,yfinance
0001097149,ALGN,ALIGN TECHNOLOGY INC,ordinaria,ALGN,US,USD,,,,178.17,yfinance
0000899051,ALL,ALLSTATE CORP,ordinaria,ALL,US,USD,,,,248.64,yfinance
0001579241,ALLE,Allegion plc,ordinaria,ALLE,US,USD,,,,135.07,yfinance
0000006951,AMAT,APPLIED MATERIALS INC /DE,ordinaria,AMAT,US,USD,US0382221051,038222105,,588.66,yfinance
0000006951,AMAT,APPLIED MATERIALS INC /DE,cedear,AMAT,BYMA,ARS,ARDEUT110657,,5:1,185785.5442,derivado (usd*ccl/ratio)
0001748790,AMCR,Amcor plc,ordinaria,AMCR,US,USD,,,,42.7,yfinance
0000002488,AMD,ADVANCED MICRO DEVICES INC,ordinaria,AMD,US,USD,US0079031078,007903107,,546.72,yfinance
0000002488,AMD,ADVANCED MICRO DEVICES INC,cedear,AMD,BYMA,ARS,ARBCOM4601M3,,10:1,86274.4809,derivado (usd*ccl/ratio)
0001037868,AME,AMETEK INC/,ordinaria,AME,US,USD,,,,232.99,yfinance
0000318154,AMGN,AMGEN INC,ordinaria,AMGN,US,USD,US0311621009,031162100,,363.62,yfinance
0000318154,AMGN,AMGEN INC,cedear,AMGN,BYMA,ARS,ARDEUT110665,,30:1,19126.8706,derivado (usd*ccl/ratio)
0000820027,AMP,AMERIPRISE FINANCIAL INC,ordinaria,AMP,US,USD,,,,500.16,yfinance
0001053507,AMT,AMERICAN TOWER CORP /MA/,ordinaria,AMT,US,USD,,,,165.0,yfinance
0001018724,AMZN,AMAZON COM INC,ordinaria,AMZN,US,USD,US0231351067,023135106,,247.04,yfinance
0001018724,AMZN,AMAZON COM INC,cedear,AMZN,BYMA,ARS,ARBCOM460176,,144:1,2707.2115,derivado (usd*ccl/ratio)
0001596532,ANET,"Arista Networks, Inc.",ordinaria,ANET,US,USD,US0404132054,040413205,,184.69,yfinance
0001596532,ANET,"Arista Networks, Inc.",cedear,ANET,BYMA,ARS,AR0827075372,,29:1,10049.9247,derivado (usd*ccl/ratio)
0000315293,AON,Aon plc,ordinaria,AON,US,USD,,,,355.56,yfinance
0000091142,AOS,SMITH A O CORP,ordinaria,AOS,US,USD,,,,59.02,yfinance
0001841666,APA,APA Corp,ordinaria,APA,US,USD,,,,33.29,yfinance
0000002969,APD,"Air Products & Chemicals, Inc.",ordinaria,APD,US,USD,,,,295.85,yfinance
0000820313,APH,AMPHENOL CORP /DE/,ordinaria,APH,US,USD,,,,162.24,yfinance
0001858681,APO,"Apollo Global Management, Inc.",ordinaria,APO,US,USD,,,,119.84,yfinance
0001751008,APP,AppLovin Corp,ordinaria,APP,US,USD,,,,520.43,yfinance
0001521332,APTV,Aptiv PLC,ordinaria,APTV,US,USD,,,,59.86,yfinance
0001035443,ARE,"ALEXANDRIA REAL ESTATE EQUITIES, INC.",ordinaria,ARE,US,USD,,,,48.51,yfinance
0001176948,ARES,Ares Management Corp,ordinaria,ARES,US,USD,,,,121.66,yfinance
0000731802,ATO,ATMOS ENERGY CORP,ordinaria,ATO,US,USD,,,,174.72,yfinance
0000915912,AVB,AVALONBAY COMMUNITIES INC,ordinaria,AVB,US,USD,,,,189.46,yfinance
0001730168,AVGO,Broadcom Inc.,ordinaria,AVGO,US,USD,US11135F1012,11135F101,,401.11,yfinance
0001730168,AVGO,Broadcom Inc.,cedear,AVGO,BYMA,ARS,ARBCOM4603J5,,39:1,16229.9164,derivado (usd*ccl/ratio)
0000008818,AVY,Avery Dennison Corp,ordinaria,AVY,US,USD,US0536111091,053611109,,159.07,yfinance
0000008818,AVY,Avery Dennison Corp,cedear,AVY,BYMA,ARS,ARDEUT110707,,18:1,13945.4718,derivado (usd*ccl/ratio)
0001410636,AWK,"American Water Works Company, Inc.",ordinaria,AWK,US,USD,,,,130.55,yfinance
0001069183,AXON,"AXON ENTERPRISE, INC.",ordinaria,AXON,US,USD,,,,582.0,yfinance
0000004962,AXP,AMERICAN EXPRESS CO,ordinaria,AXP,US,USD,US0258161092,025816109,,346.72,yfinance
0000004962,AXP,AMERICAN EXPRESS CO,cedear,AXP,BYMA,ARS,ARDEUT110046,,15:1,36475.8191,derivado (usd*ccl/ratio)
0000866787,AZO,AUTOZONE INC,ordinaria,AZO,US,USD,,,,3010.3899,yfinance
0000012927,BA,BOEING CO,ordinaria,BA,US,USD,US0970231058,097023105,,223.11,yfinance
0000012927,BA,BOEING CO,cedear,BA,BYMA,ARS,ARDEUT110061,,24:1,14669.8344,derivado (usd*ccl/ratio)
0000070858,BAC,BANK OF AMERICA CORP /DE/,ordinaria,BAC,US,USD,US0605051046,060505104,,59.25,yfinance
0000070858,BAC,BANK OF AMERICA CORP /DE/,cedear,BAC,BYMA,ARS,ARDEUT112851,,4:1,23374.6857,derivado (usd*ccl/ratio)
0000009389,BALL,BALL Corp,ordinaria,BALL,US,USD,,,,61.0,yfinance
0000010456,BAX,BAXTER INTERNATIONAL INC,ordinaria,BAX,US,USD,,,,22.46,yfinance
0000764478,BBY,BEST BUY CO INC,ordinaria,BBY,US,USD,,,,79.99,yfinance
0000010795,BDX,BECTON DICKINSON & CO,ordinaria,BDX,US,USD,,,,150.85,yfinance
0000038777,BEN,FRANKLIN RESOURCES INC,ordinaria,BEN,US,USD,,,,33.68,yfinance
0000014693,BF-A,BROWN FORMAN CORP,ordinaria,BF-A,US,USD,,,,25.69,yfinance
0001996862,BG,Bunge Global SA,ordinaria,BG,US,USD,CH1300646267,,,113.62,yfinance
0001996862,BG,Bunge Global SA,cedear,BG,BYMA,ARS,ARDEUT115029,,5:1,35859.3331,derivado (usd*ccl/ratio)
0000875045,BIIB,BIOGEN INC.,ordinaria,BIIB,US,USD,US09062X1037,09062X103,,198.91,yfinance
0000875045,BIIB,BIOGEN INC.,cedear,BIIB,BYMA,ARS,ARBCOM4601A8,,13:1,24145.1935,derivado (usd*ccl/ratio)
0001075531,BKNG,Booking Holdings Inc.,ordinaria,BKNG,US,USD,US09857L1089,09857L108,,175.52,yfinance
0001075531,BKNG,Booking Holdings Inc.,cedear,BKNG,BYMA,ARS,AR0171546572,,700:1,395.6817,derivado (usd*ccl/ratio)
0001701605,BKR,Baker Hughes Co,ordinaria,BKR,US,USD,US05722G1004,05722G100,,57.2,yfinance
0001701605,BKR,Baker Hughes Co,cedear,BKR,BYMA,ARS,AR0302010498,,7:1,12894.8238,derivado (usd*ccl/ratio)
0001316835,BLDR,"Builders FirstSource, Inc.",ordinaria,BLDR,US,USD,,,,74.54,yfinance
0002012383,BLK,"BlackRock, Inc.",ordinaria,BLK,US,USD,,,,1019.68,yfinance
0000014272,BMY,BRISTOL MYERS SQUIBB CO,ordinaria,BMY,US,USD,US1101221083,110122108,,57.94,yfinance
0000014272,BMY,BRISTOL MYERS SQUIBB CO,cedear,BMY,BYMA,ARS,ARDEUT112877,,3:1,30477.1704,derivado (usd*ccl/ratio)
0001390777,BNY,Bank of New York Mellon Corp,ordinaria,BNY,US,USD,US0640581007,064058100,,152.26,yfinance
0001390777,BNY,Bank of New York Mellon Corp,cedear,BNY,BYMA,ARS,ARDEUT110756,,2:1,120136.0175,derivado (usd*ccl/ratio)
0001383312,BR,"BROADRIDGE FINANCIAL SOLUTIONS, INC.",ordinaria,BR,US,USD,,,,147.32,yfinance
0001067983,BRK-B,BERKSHIRE HATHAWAY INC,ordinaria,BRK-B,US,USD,,,,495.45,yfinance
0000079282,BRO,"BROWN & BROWN, INC.",ordinaria,BRO,US,USD,,,,67.84,yfinance
0000885725,BSX,BOSTON SCIENTIFIC CORP,ordinaria,BSX,US,USD,,,,44.99,yfinance
0001393818,BX,Blackstone Inc.,ordinaria,BX,US,USD,US09260D1072,09260D107,,122.15,yfinance
0001393818,BX,Blackstone Inc.,cedear,BX,BYMA,ARS,AR0103922032,,30:1,6425.2442,derivado (usd*ccl/ratio)
0001037540,BXP,"BXP, Inc.",ordinaria,BXP,US,USD,,,,66.93,yfinance
0000831001,C,CITIGROUP INC,ordinaria,C,US,USD,US1729674242,172967424,,139.57,yfinance
0000831001,C,CITIGROUP INC,cedear,C,BYMA,ARS,ARDEUT110426,,3:1,73415.5849,derivado (usd*ccl/ratio)
0000023217,CAG,CONAGRA BRANDS INC.,ordinaria,CAG,US,USD,,,,13.37,yfinance
0000721371,CAH,CARDINAL HEALTH INC,ordinaria,CAH,US,USD,US14149Y1082,14149Y108,,233.77,yfinance
0000721371,CAH,CARDINAL HEALTH INC,cedear,CAH,BYMA,ARS,ARDEUT110798,,3:1,122965.972,derivado (usd*ccl/ratio)
0001783180,CARR,CARRIER GLOBAL Corp,ordinaria,CARR,US,USD,,,,67.81,yfinance
0000726958,CASY,CASEYS GENERAL STORES INC,ordinaria,CASY,US,USD,,,,822.0,yfinance
0000018230,CAT,CATERPILLAR INC,ordinaria,CAT,US,USD,US1491231015,149123101,,938.39,yfinance
0000018230,CAT,CATERPILLAR INC,cedear,CAT,BYMA,ARS,ARDEUT110079,,20:1,74040.7482,derivado (usd*ccl/ratio)
0000896159,CB,Chubb Ltd,ordinaria,CB,US,USD,,,,347.8,yfinance
0001374310,CBOE,"Cboe Global Markets, Inc.",ordinaria,CBOE,US,USD,,,,267.85,yfinance
0001138118,CBRE,"CBRE GROUP, INC.",ordinaria,CBRE,US,USD,,,,141.06,yfinance
0001051470,CCI,CROWN CASTLE INC.,ordinaria,CCI,US,USD,,,,76.68,yfinance
0000815097,CCL,Carnival Corp Ltd.,ordinaria,CCL,US,USD,BMG2004J1036,,,26.72,yfinance
0000815097,CCL,Carnival Corp Ltd.,cedear,CCL,BYMA,ARS,AR0180391374,,3:1,14055.0568,derivado (usd*ccl/ratio)
0000813672,CDNS,CADENCE DESIGN SYSTEMS INC,ordinaria,CDNS,US,USD,,,,385.95,yfinance
0001402057,CDW,CDW Corp,ordinaria,CDW,US,USD,,,,140.21,yfinance
0001868275,CEG,Constellation Energy Corp,ordinaria,CEG,US,USD,US21037T1097,21037T109,,250.74,yfinance
0001868275,CEG,Constellation Energy Corp,cedear,CEG,BYMA,ARS,AR0100063491,,45:1,8792.8271,derivado (usd*ccl/ratio)
0001324404,CF,"CF Industries Holdings, Inc.",ordinaria,CF,US,USD,,,,114.02,yfinance
0000759944,CFG,CITIZENS FINANCIAL GROUP INC/RI,ordinaria,CFG,US,USD,,,,69.86,yfinance
0000313927,CHD,CHURCH & DWIGHT CO INC /DE/,ordinaria,CHD,US,USD,,,,95.67,yfinance
0001043277,CHRW,"C. H. ROBINSON WORLDWIDE, INC.",ordinaria,CHRW,US,USD,,,,192.76,yfinance
0001091667,CHTR,"CHARTER COMMUNICATIONS, INC. /MO/",ordinaria,CHTR,US,USD,,,,134.35,yfinance
0001739940,CI,Cigna Group,ordinaria,CI,US,USD,,,,291.8,yfinance
0000936395,CIEN,CIENA CORP,ordinaria,CIEN,US,USD,,,,462.34,yfinance
0000020286,CINF,CINCINNATI FINANCIAL CORP,ordinaria,CINF,US,USD,,,,175.43,yfinance
0000021665,CL,COLGATE PALMOLIVE CO,ordinaria,CL,US,USD,US1941621039,194162103,,91.01,yfinance
0000021665,CL,COLGATE PALMOLIVE CO,cedear,CL,BYMA,ARS,ARDEUT110855,,3:1,47872.4095,derivado (usd*ccl/ratio)
0000021076,CLX,CLOROX CO /DE/,ordinaria,CLX,US,USD,,,,93.07,yfinance
0001166691,CMCSA,COMCAST CORP,ordinaria,CMCSA,US,USD,,,,23.345,yfinance
0001156375,CME,CME GROUP INC.,ordinaria,CME,US,USD,,,,239.71,yfinance
0001058090,CMG,CHIPOTLE MEXICAN GRILL INC,ordinaria,CMG,US,USD,,,,34.6,yfinance
0000026172,CMI,CUMMINS INC,ordinaria,CMI,US,USD,,,,673.39,yfinance
0000811156,CMS,CMS ENERGY CORP,ordinaria,CMS,US,USD,,,,75.0,yfinance
0001071739,CNC,CENTENE CORP,ordinaria,CNC,US,USD,,,,67.6,yfinance
0001130310,CNP,CENTERPOINT ENERGY INC,ordinaria,CNP,US,USD,,,,43.32,yfinance
0000927628,COF,CAPITAL ONE FINANCIAL CORP,ordinaria,COF,US,USD,,,,200.1,yfinance
0000820318,COHR,COHERENT CORP.,ordinaria,COHR,US,USD,,,,327.24,yfinance
0001679788,COIN,"Coinbase Global, Inc.",ordinaria,COIN,US,USD,US19260Q1076,19260Q107,,158.44,yfinance
0001679788,COIN,"Coinbase Global, Inc.",cedear,COIN,BYMA,ARS,ARBCOM4603U2,,27:1,9260.1601,derivado (usd*ccl/ratio)
0000711404,COO,"COOPER COMPANIES, INC.",ordinaria,COO,US,USD,,,,71.02,yfinance
0001163165,COP,CONOCOPHILLIPS,ordinaria,COP,US,USD,US20825C1045,20825C104,,108.02,yfinance
0001163165,COP,CONOCOPHILLIPS,cedear,COP,BYMA,ARS,AR0313306612,,25:1,6818.3857,derivado (usd*ccl/ratio)
0001140859,COR,"Cencora, Inc.",ordinaria,COR,US,USD,,,,302.46,yfinance
0000909832,COST,COSTCO WHOLESALE CORP /NEW,ordinaria,COST,US,USD,US22160K1051,22160K105,,912.97,yfinance
0000909832,COST,COSTCO WHOLESALE CORP /NEW,cedear,COST,BYMA,ARS,ARDEUT110863,,48:1,30014.6078,derivado (usd*ccl/ratio)
0001175454,CPAY,"CORPAY, INC.",ordinaria,CPAY,US,USD,,,,351.16,yfinance
0000900075,CPRT,COPART INC,ordinaria,CPRT,US,USD,,,,28.33,yfinance
0000906345,CPT,CAMDEN PROPERTY TRUST,ordinaria,CPT,US,USD,,,,113.29,yfinance
0000849395,CRH,CRH PUBLIC LTD CO,ordinaria,CRH,US,USD,,,,104.36,yfinance
0001100682,CRL,"CHARLES RIVER LABORATORIES INTERNATIONAL, INC.",ordinaria,CRL,US,USD,,,,233.6,yfinance
0001108524,CRM,"Salesforce, Inc.",ordinaria,CRM,US,USD,US79466L3024,79466L302,,162.5,yfinance
0001108524,CRM,"Salesforce, Inc.",cedear,CRM,BYMA,ARS,ARBCOM4601J9,,18:1,14246.1751,derivado (usd*ccl/ratio)
0001535527,CRWD,"CrowdStrike Holdings, Inc.",ordinaria,CRWD,US,USD,US22788C1053,22788C105,,198.4,yfinance
0001535527,CRWD,"CrowdStrike Holdings, Inc.",cedear,CRWD,BYMA,ARS,AR0766021650,,79:1,3963.0722,derivado (usd*ccl/ratio)
0000858877,CSCO,"CISCO SYSTEMS, INC.",ordinaria,CSCO,US,USD,US17275R1023,17275R102,,118.31,yfinance
0000858877,CSCO,"CISCO SYSTEMS, INC.",cedear,CSCO,BYMA,ARS,ARDEUT110095,,5:1,37339.5309,derivado (usd*ccl/ratio)
0001057352,CSGP,"COSTAR GROUP, INC.",ordinaria,CSGP,US,USD,,,,29.19,yfinance
0000277948,CSX,CSX CORP,ordinaria,CSX,US,USD,,,,49.35,yfinance
0000723254,CTAS,CINTAS CORP,ordinaria,CTAS,US,USD,,,,177.69,yfinance
0001058290,CTSH,COGNIZANT TECHNOLOGY SOLUTIONS CORP,ordinaria,CTSH,US,USD,,,,43.4,yfinance
0001755672,CTVA,"Corteva, Inc.",ordinaria,CTVA,US,USD,,,,83.86,yfinance
0001690820,CVNA,CARVANA CO.,ordinaria,CVNA,US,USD,,,,67.12,yfinance
0000064803,CVS,CVS HEALTH Corp,ordinaria,CVS,US,USD,US1266501006,126650100,,102.81,yfinance
0000064803,CVS,CVS HEALTH Corp,cedear,CVS,BYMA,ARS,AR0107022060,,15:1,10815.8712,derivado (usd*ccl/ratio)
0000093410,CVX,CHEVRON CORP,ordinaria,CVX,US,USD,US1667641005,166764100,,174.05,yfinance
0000093410,CVX,CHEVRON CORP,cedear,CVX,BYMA,ARS,ARDEUT110087,,16:1,17166.0933,derivado (usd*ccl/ratio)
0000715957,D,"DOMINION ENERGY, INC",ordinaria,D,US,USD,,,,69.45,yfinance
0000027904,DAL,"DELTA AIR LINES, INC.",ordinaria,DAL,US,USD,US2473617023,247361702,,89.0,yfinance
0000027904,DAL,"DELTA AIR LINES, INC.",cedear,DAL,BYMA,ARS,AR0051689021,,8:1,17555.6711,derivado (usd*ccl/ratio)
0001792789,DASH,"DoorDash, Inc.",ordinaria,DASH,US,USD,,,,192.35,yfinance
0001666700,DD,"DuPont de Nemours, Inc.",ordinaria,DD,US,USD,US26614N2018,26614N201,,134.79,yfinance
0001666700,DD,"DuPont de Nemours, Inc.",cedear,DD,BYMA,ARS,ARDEUT110145,,5:1,42540.7424,derivado (usd*ccl/ratio)
0001561550,DDOG,"Datadog, Inc.",ordinaria,DDOG,US,USD,,,,269.0,yfinance
0000315189,DE,DEERE & CO,ordinaria,DE,US,USD,US2441991054,244199105,,592.9,yfinance
0000315189,DE,DEERE & CO,cedear,DE,BYMA,ARS,ARDEUT110905,,40:1,23390.4671,derivado (usd*ccl/ratio)
0000910521,DECK,DECKERS OUTDOOR CORP,ordinaria,DECK,US,USD,US2435371073,243537107,,104.26,yfinance
0000910521,DECK,DECKERS OUTDOOR CORP,cedear,DECK,BYMA,ARS,AR0571828273,,25:1,6581.0492,derivado (usd*ccl/ratio)
0001571996,DELL,Dell Technologies Inc.,ordinaria,DELL,US,USD,,,,450.22,yfinance
0000029534,DG,DOLLAR GENERAL CORP,ordinaria,DG,US,USD,,,,115.73,yfinance
0001022079,DGX,QUEST DIAGNOSTICS INC,ordinaria,DGX,US,USD,,,,208.05,yfinance
0000882184,DHI,HORTON D R INC /DE/,ordinaria,DHI,US,USD,,,,149.55,yfinance
0000313616,DHR,DANAHER CORP /DE/,ordinaria,DHR,US,USD,US2358511028,235851102,,195.98,yfinance
0000313616,DHR,DANAHER CORP /DE/,cedear,DHR,BYMA,ARS,AR0002457668,,54:1,5727.1084,derivado (usd*ccl/ratio)
0001744489,DIS,Walt Disney Co,ordinaria,DIS,US,USD,US2546871060,254687106,,96.17,yfinance
0001744489,DIS,Walt Disney Co,cedear,DIS,BYMA,ARS,ARDEUT110137,,12:1,12646.6581,derivado (usd*ccl/ratio)
0001297996,DLR,"DIGITAL REALTY TRUST, INC.",ordinaria,DLR,US,USD,,,,179.33,yfinance
0000935703,DLTR,"DOLLAR TREE, INC.",ordinaria,DLTR,US,USD,,,,120.92,yfinance
0000765880,DOC,"HEALTHPEAK PROPERTIES, INC.",ordinaria,DOC,US,USD,,,,21.57,yfinance
0000029905,DOV,DOVER Corp,ordinaria,DOV,US,USD,,,,211.57,yfinance
0001751788,DOW,DOW INC.,ordinaria,DOW,US,USD,US2605571031,260557103,,28.5,yfinance
0001751788,DOW,DOW INC.,cedear,DOW,BYMA,ARS,ARBCOM460416,,6:1,7495.6798,derivado (usd*ccl/ratio)
0001286681,DPZ,DOMINOS PIZZA INC,ordinaria,DPZ,US,USD,,,,300.88,yfinance
0000940944,DRI,DARDEN RESTAURANTS INC,ordinaria,DRI,US,USD,,,,201.92,yfinance
0000936340,DTE,DTE ENERGY CO,ordinaria,DTE,US,USD,,,,149.27,yfinance
0001326160,DUK,Duke Energy CORP,ordinaria,DUK,US,USD,,,,125.26,yfinance
0000927066,DVA,DAVITA INC.,ordinaria,DVA,US,USD,,,,229.48,yfinance
0001090012,DVN,DEVON ENERGY CORP/DE,ordinaria,DVN,US,USD,,,,42.02,yfinance
0001093557,DXCM,DEXCOM INC,ordinaria,DXCM,US,USD,,,,73.02,yfinance
0000712515,EA,ELECTRONIC ARTS INC.,ordinaria,EA,US,USD,US2855121099,285512109,,206.56,yfinance
0000712515,EA,ELECTRONIC ARTS INC.,cedear,EA,BYMA,ARS,ARBCOM4603Y4,,14:1,23282.8211,derivado (usd*ccl/ratio)
0001065088,EBAY,EBAY INC,ordinaria,EBAY,US,USD,US2786421030,278642103,,117.33,yfinance
0001065088,EBAY,EBAY INC,cedear,EBAY,BYMA,ARS,ARDEUT116167,,2:1,92575.5922,derivado (usd*ccl/ratio)
0000031462,ECL,ECOLAB INC.,ordinaria,ECL,US,USD,US2788651006,278865100,,273.03,yfinance
0000031462,ECL,ECOLAB INC.,cedear,ECL,BYMA,ARS,AR0866277863,,56:1,7693.7799,derivado (usd*ccl/ratio)
0001047862,ED,CONSOLIDATED EDISON INC,ordinaria,ED,US,USD,,,,110.27,yfinance
0000033185,EFX,EQUIFAX INC,ordinaria,EFX,US,USD,US2944291051,294429105,,166.66,yfinance
0000033185,EFX,EQUIFAX INC,cedear,EFX,BYMA,ARS,ARBCOM460325,,16:1,16437.2372,derivado (usd*ccl/ratio)
0001095073,EG,"EVEREST GROUP, LTD.",ordinaria,EG,US,USD,,,,371.0,yfinance
0000827052,EIX,EDISON INTERNATIONAL,ordinaria,EIX,US,USD,,,,74.64,yfinance
0001001250,EL,ESTEE LAUDER COMPANIES INC,ordinaria,EL,US,USD,,,,81.99,yfinance
0001156039,ELV,"Elevance Health, Inc.",ordinaria,ELV,US,USD,,,,420.39,yfinance
0000105634,EME,"EMCOR Group, Inc.",ordinaria,EME,US,USD,,,,783.41,yfinance
0000032604,EMR,EMERSON ELECTRIC CO,ordinaria,EMR,US,USD,,,,137.8,yfinance
0000821189,EOG,EOG RESOURCES INC,ordinaria,EOG,US,USD,,,,133.54,yfinance
0001101239,EQIX,EQUINIX INC,ordinaria,EQIX,US,USD,,,,1034.87,yfinance
0000906107,EQR,EQUITY RESIDENTIAL,ordinaria,EQR,US,USD,,,,68.09,yfinance
0000033213,EQT,EQT Corp,ordinaria,EQT,US,USD,,,,50.15,yfinance
0000922621,ERIE,ERIE INDEMNITY CO,ordinaria,ERIE,US,USD,,,,247.81,yfinance
0000072741,ES,EVERSOURCE ENERGY,ordinaria,ES,US,USD,,,,73.93,yfinance
0000920522,ESS,"ESSEX PROPERTY TRUST, INC.",ordinaria,ESS,US,USD,,,,291.12,yfinance
0001551182,ETN,Eaton Corp plc,ordinaria,ETN,US,USD,,,,405.83,yfinance
0000065984,ETR,ENTERGY CORP /DE/,ordinaria,ETR,US,USD,,,,113.93,yfinance
0001711269,EVRG,"Evergy, Inc.",ordinaria,EVRG,US,USD,,,,85.28,yfinance
0001099800,EW,Edwards Lifesciences Corp,ordinaria,EW,US,USD,,,,91.33,yfinance
0001109357,EXC,EXELON CORP,ordinaria,EXC,US,USD,,,,46.38,yfinance
0000895126,EXE,EXPAND ENERGY Corp,ordinaria,EXE,US,USD,,,,88.97,yfinance
0000746515,EXPD,EXPEDITORS INTERNATIONAL OF WASHINGTON INC,ordinaria,EXPD,US,USD,,,,170.62,yfinance
0001324424,EXPE,"Expedia Group, Inc.",ordinaria,EXPE,US,USD,,,,267.78,yfinance
0001289490,EXR,Extra Space Storage Inc.,ordinaria,EXR,US,USD,,,,142.68,yfinance
0000037996,F,FORD MOTOR CO,ordinaria,F,US,USD,,,,13.61,yfinance
0001539838,FANG,"Diamondback Energy, Inc.",ordinaria,FANG,US,USD,,,,182.0,yfinance
0000815556,FAST,FASTENAL CO,ordinaria,FAST,US,USD,,,,46.35,yfinance
0000831259,FCX,FREEPORT-MCMORAN INC,ordinaria,FCX,US,USD,US35671D8570,35671D857,,60.53,yfinance
0000831259,FCX,FREEPORT-MCMORAN INC,cedear,FCX,BYMA,ARS,ARDEUT116076,,3:1,31839.5431,derivado (usd*ccl/ratio)
0001013237,FDS,FACTSET RESEARCH SYSTEMS INC,ordinaria,FDS,US,USD,,,,241.9,yfinance
0001048911,FDX,FEDEX CORP,ordinaria,FDX,US,USD,US31428X1063,31428X106,,310.84,yfinance
0001048911,FDX,FEDEX CORP,cedear,FDX,BYMA,ARS,ARDEUT110962,,10:1,49051.7281,derivado (usd*ccl/ratio)
0001031296,FE,FIRSTENERGY CORP,ordinaria,FE,US,USD,,,,47.63,yfinance
0001048695,FFIV,"F5, INC.",ordinaria,FFIV,US,USD,,,,430.32,yfinance
0000814547,FICO,FAIR ISAAC CORP,ordinaria,FICO,US,USD,,,,1279.41,yfinance
0001136893,FIS,"Fidelity National Information Services, Inc.",ordinaria,FIS,US,USD,,,,41.61,yfinance
0000798354,FISV,FISERV INC,ordinaria,FISV,US,USD,US3377381088,337738108,,51.65,yfinance
0000798354,FISV,FISERV INC,cedear,FISV,BYMA,ARS,AR0997854325,,11:1,7409.6052,derivado (usd*ccl/ratio)
0000035527,FITB,FIFTH THIRD BANCORP,ordinaria,FITB,US,USD,,,,56.54,yfinance
0001035983,FIX,COMFORT SYSTEMS USA INC,ordinaria,FIX,US,USD,,,,1781.42,yfinance
0000866374,FLEX,FLEX LTD.,ordinaria,FLEX,US,USD,,,,139.94,yfinance
0001754301,FOXA,Fox Corp,ordinaria,FOXA,US,USD,,,,53.74,yfinance
0000034903,FRT,FEDERAL REALTY INVESTMENT TRUST,ordinaria,FRT,US,USD,,,,120.73,yfinance
0001274494,FSLR,"FIRST SOLAR, INC.",ordinaria,FSLR,US,USD,US3364331070,336433107,,228.5,yfinance
0001274494,FSLR,"FIRST SOLAR, INC.",cedear,FSLR,BYMA,ARS,ARDEUT116126,,18:1,20032.3139,derivado (usd*ccl/ratio)
0001262039,FTNT,"Fortinet, Inc.",ordinaria,FTNT,US,USD,,,,163.73,yfinance
0001659166,FTV,Fortive Corp,ordinaria,FTV,US,USD,,,,61.15,yfinance
0000040533,GD,GENERAL DYNAMICS CORP,ordinaria,GD,US,USD,,,,374.6,yfinance
0001609711,GDDY,GoDaddy Inc.,ordinaria,GDDY,US,USD,,,,87.87,yfinance
0000040545,GE,GENERAL ELECTRIC CO,ordinaria,GE,US,USD,US3696043013,369604301,,359.04,yfinance
0000040545,GE,GENERAL ELECTRIC CO,cedear,GE,BYMA,ARS,ARDEUT110160,,8:1,70822.3406,derivado (usd*ccl/ratio)
0001932393,GEHC,GE HealthCare Technologies Inc.,ordinaria,GEHC,US,USD,,,,64.7,yfinance
0000849399,GEN,Gen Digital Inc.,ordinaria,GEN,US,USD,,,,25.99,yfinance
0001996810,GEV,GE Vernova Inc.,ordinaria,GEV,US,USD,,,,1075.26,yfinance
0000882095,GILD,"GILEAD SCIENCES, INC.",ordinaria,GILD,US,USD,US3755581036,375558103,,134.84,yfinance
0000882095,GILD,"GILEAD SCIENCES, INC.",cedear,GILD,BYMA,ARS,ARBCOM4601C4,,4:1,53195.6546,derivado (usd*ccl/ratio)
0000040704,GIS,GENERAL MILLS INC,ordinaria,GIS,US,USD,,,,35.85,yfinance
0000320335,GL,GLOBE LIFE INC.,ordinaria,GL,US,USD,,,,178.86,yfinance
0000024741,GLW,CORNING INC /NY,ordinaria,GLW,US,USD,US2193501051,219350105,,192.38,yfinance
0000024741,GLW,CORNING INC /NY,cedear,GLW,BYMA,ARS,ARDEUT111002,,4:1,75895.7325,derivado (usd*ccl/ratio)
0001467858,GM,General Motors Co,ordinaria,GM,US,USD,US37045V1008,37045V100,,76.65,yfinance
0001467858,GM,General Motors Co,cedear,GM,BYMA,ARS,ARBCOM460408,,6:1,20159.434,derivado (usd*ccl/ratio)
0001474735,GNRC,GENERAC HOLDINGS INC.,ordinaria,GNRC,US,USD,,,,235.86,yfinance
0001652044,GOOGL,Alphabet Inc.,ordinaria,GOOGL,US,USD,US02079K3059,02079K305,,358.89,yfinance
0001652044,GOOGL,Alphabet Inc.,cedear,GOOGL,BYMA,ARS,ARDEUT116159,,58:1,9764.5177,derivado (usd*ccl/ratio)
0000040987,GPC,GENUINE PARTS CO,ordinaria,GPC,US,USD,,,,124.27,yfinance
0001123360,GPN,GLOBAL PAYMENTS INC,ordinaria,GPN,US,USD,,,,74.38,yfinance
0001121788,GRMN,GARMIN LTD,ordinaria,GRMN,US,USD,CH0114405324,,,244.51,yfinance
0001121788,GRMN,GARMIN LTD,cedear,GRMN,BYMA,ARS,ARBCOM4601G5,,3:1,128615.3423,derivado (usd*ccl/ratio)
0000886982,GS,GOLDMAN SACHS GROUP INC,ordinaria,GS,US,USD,US38141G1040,38141G104,,1055.97,yfinance
0000886982,GS,GOLDMAN SACHS GROUP INC,cedear,GS,BYMA,ARS,ARBCOM460119,,13:1,128181.5836,derivado (usd*ccl/ratio)
0000277135,GWW,"W.W. GRAINGER, INC.",ordinaria,GWW,US,USD,,,,1364.86,yfinance
0000045012,HAL,HALLIBURTON CO,ordinaria,HAL,US,USD,US4062161017,406216101,,34.12,yfinance
0000045012,HAL,HALLIBURTON CO,cedear,HAL,BYMA,ARS,ARBCOM4603E6,,2:1,26921.3249,derivado (usd*ccl/ratio)
0000046080,HAS,"HASBRO, INC.",ordinaria,HAS,US,USD,,,,77.39,yfinance
0000049196,HBAN,HUNTINGTON BANCSHARES INC /MD/,ordinaria,HBAN,US,USD,,,,17.76,yfinance
0000860730,HCA,"HCA Healthcare, Inc.",ordinaria,HCA,US,USD,,,,409.01,yfinance
0000354950,HD,"HOME DEPOT, INC.",ordinaria,HD,US,USD,US4370761029,437076102,,338.73,yfinance
0000354950,HD,"HOME DEPOT, INC.",cedear,HD,BYMA,ARS,ARDEUT111705,,32:1,16704.0244,derivado (usd*ccl/ratio)
0000874766,HIG,"HARTFORD INSURANCE GROUP, INC.",ordinaria,HIG,US,USD,,,,138.52,yfinance
0001501585,HII,"HUNTINGTON INGALLS INDUSTRIES, INC.",ordinaria,HII,US,USD,,,,286.21,yfinance
0001585689,HLT,Hilton Worldwide Holdings Inc.,ordinaria,HLT,US,USD,,,,337.65,yfinance
0000773840,HON,HONEYWELL INTERNATIONAL INC,ordinaria,HON,US,USD,US4385162056,438516205,,223.42,yfinance
0000773840,HON,HONEYWELL INTERNATIONAL INC,cedear,HON,BYMA,ARS,ARDEUT110038,,8:1,44070.6518,derivado (usd*ccl/ratio)
0001783879,HOOD,"Robinhood Markets, Inc.",ordinaria,HOOD,US,USD,US7707001027,770700102,,115.11,yfinance
0001783879,HOOD,"Robinhood Markets, Inc.",cedear,HOOD,BYMA,ARS,AR0780848096,,29:1,6263.722,derivado (usd*ccl/ratio)
0001645590,HPE,Hewlett Packard Enterprise Co,ordinaria,HPE,US,USD,,,,49.11,yfinance
0000047217,HPQ,HP INC,ordinaria,HPQ,US,USD,US40434L1052,40434L105,,24.13,yfinance
0000047217,HPQ,HP INC,cedear,HPQ,BYMA,ARS,ARDEUT110194,,1:1,38078.0521,derivado (usd*ccl/ratio)
0000048465,HRL,HORMEL FOODS CORP /DE/,ordinaria,HRL,US,USD,,,,24.33,yfinance
0001000228,HSIC,HENRY SCHEIN INC,ordinaria,HSIC,US,USD,,,,83.86,yfinance
0001070750,HST,"HOST HOTELS & RESORTS, INC.",ordinaria,HST,US,USD,,,,23.16,yfinance
0000047111,HSY,HERSHEY CO,ordinaria,HSY,US,USD,US4278661081,427866108,,171.65,yfinance
0000047111,HSY,HERSHEY CO,cedear,HSY,BYMA,ARS,ARDEUT111127,,21:1,12898.5804,derivado (usd*ccl/ratio)
0000048898,HUBB,HUBBELL INC,ordinaria,HUBB,US,USD,,,,485.41,yfinance
0000049071,HUM,HUMANA INC,ordinaria,HUM,US,USD,,,,397.76,yfinance
0000004281,HWM,Howmet Aerospace Inc.,ordinaria,HWM,US,USD,US4432011082,443201108,,273.77,yfinance
0000004281,HWM,Howmet Aerospace Inc.,cedear,HWM,BYMA,ARS,ARDEUT110020,,1:1,432019.406,derivado (usd*ccl/ratio)
0001381197,IBKR,"Interactive Brokers Group, Inc.",ordinaria,IBKR,US,USD,,,,95.28,yfinance
0000051143,IBM,INTERNATIONAL BUSINESS MACHINES CORP,ordinaria,IBM,US,USD,US4592001014,459200101,,295.3,yfinance
0000051143,IBM,INTERNATIONAL BUSINESS MACHINES CORP,cedear,IBM,BYMA,ARS,ARDEUT110202,,15:1,31066.3039,derivado (usd*ccl/ratio)
0001571949,ICE,"Intercontinental Exchange, Inc.",ordinaria,ICE,US,USD,,,,135.11,yfinance
0000874716,IDXX,IDEXX LABORATORIES INC /DE,ordinaria,IDXX,US,USD,,,,558.6,yfinance
0000832101,IEX,IDEX CORP /DE/,ordinaria,IEX,US,USD,,,,219.74,yfinance
0000051253,IFF,INTERNATIONAL FLAVORS & FRAGRANCES INC,ordinaria,IFF,US,USD,US4595061015,459506101,,78.53,yfinance
0000051253,IFF,INTERNATIONAL FLAVORS & FRAGRANCES INC,cedear,IFF,BYMA,ARS,ARDEUT111135,,12:1,10326.9426,derivado (usd*ccl/ratio)
0000879169,INCY,INCYTE CORP,ordinaria,INCY,US,USD,,,,118.52,yfinance
0000050863,INTC,INTEL CORP,ordinaria,INTC,US,USD,US4581401001,458140100,,112.54,yfinance
0000050863,INTC,INTEL CORP,cedear,INTC,BYMA,ARS,ARDEUT110210,,5:1,35518.4763,derivado (usd*ccl/ratio)
0000896878,INTU,INTUIT INC.,ordinaria,INTU,US,USD,,,,273.38,yfinance
0001687229,INVH,Invitation Homes Inc.,ordinaria,INVH,US,USD,,,,29.37,yfinance
0000051434,IP,INTERNATIONAL PAPER CO /NEW/,ordinaria,IP,US,USD,US4601461035,460146103,,37.18,yfinance
0000051434,IP,INTERNATIONAL PAPER CO /NEW/,cedear,IP,BYMA,ARS,ARDEUT110228,,4:1,14667.862,derivado (usd*ccl/ratio)
0001478242,IQV,IQVIA HOLDINGS INC.,ordinaria,IQV,US,USD,,,,208.97,yfinance
0001699150,IR,Ingersoll Rand Inc.,ordinaria,IR,US,USD,,,,77.05,yfinance
0001020569,IRM,IRON MOUNTAIN INC,ordinaria,IRM,US,USD,,,,119.48,yfinance
0001035267,ISRG,INTUITIVE SURGICAL INC,ordinaria,ISRG,US,USD,US46120E6023,46120E602,,411.55,yfinance
0001035267,ISRG,INTUITIVE SURGICAL INC,cedear,ISRG,BYMA,ARS,AR0902369476,,90:1,7216.0162,derivado (usd*ccl/ratio)
0000749251,IT,GARTNER INC,ordinaria,IT,US,USD,,,,132.69,yfinance
0000049826,ITW,ILLINOIS TOOL WORKS INC,ordinaria,ITW,US,USD,,,,265.48,yfinance
0000914208,IVZ,Invesco Ltd.,ordinaria,IVZ,US,USD,,,,28.61,yfinance
0000052988,J,JACOBS SOLUTIONS INC.,ordinaria,J,US,USD,,,,125.84,yfinance
0000728535,JBHT,HUNT J B TRANSPORT SERVICES INC,ordinaria,JBHT,US,USD,,,,282.61,yfinance
0000898293,JBL,JABIL INC,ordinaria,JBL,US,USD,,,,332.51,yfinance
0000833444,JCI,Johnson Controls International plc,ordinaria,JCI,US,USD,IE00BY7QL619,,,140.53,yfinance
0000833444,JCI,Johnson Controls International plc,cedear,JCI,BYMA,ARS,ARDEUT111630,,2:1,110880.8289,derivado (usd*ccl/ratio)
0000779152,JKHY,JACK HENRY & ASSOCIATES INC,ordinaria,JKHY,US,USD,,,,150.22,yfinance
0000200406,JNJ,JOHNSON & JOHNSON,ordinaria,JNJ,US,USD,US4781601046,478160104,,259.1,yfinance
0000200406,JNJ,JOHNSON & JOHNSON,cedear,JNJ,BYMA,ARS,ARDEUT110236,,15:1,27257.9745,derivado (usd*ccl/ratio)
0000019617,JPM,JPMORGAN CHASE & CO,ordinaria,JPM,US,USD,US46625H1005,46625H100,,335.47,yfinance
0000019617,JPM,JPMORGAN CHASE & CO,cedear,JPM,BYMA,ARS,ARDEUT110244,,15:1,35292.2907,derivado (usd*ccl/ratio)
0001418135,KDP,Keurig Dr Pepper Inc.,ordinaria,KDP,US,USD,,,,30.72,yfinance
0000091576,KEY,KEYCORP /NEW/,ordinaria,KEY,US,USD,,,,23.1,yfinance
0001601046,KEYS,"Keysight Technologies, Inc.",ordinaria,KEYS,US,USD,,,,322.17,yfinance
0001637459,KHC,Kraft Heinz Co,ordinaria,KHC,US,USD,,,,24.68,yfinance
0000879101,KIM,KIMCO REALTY CORP,ordinaria,KIM,US,USD,,,,24.93,yfinance
0001404912,KKR,KKR & Co. Inc.,ordinaria,KKR,US,USD,,,,96.27,yfinance
0000319201,KLAC,KLA CORP,ordinaria,KLAC,US,USD,,,,229.52,yfinance
0000055785,KMB,KIMBERLY CLARK CORP,ordinaria,KMB,US,USD,US4943681035,494368103,,109.93,yfinance
0000055785,KMB,KIMBERLY CLARK CORP,cedear,KMB,BYMA,ARS,ARDEUT111176,,6:1,28912.2836,derivado (usd*ccl/ratio)
0001506307,KMI,"KINDER MORGAN, INC.",ordinaria,KMI,US,USD,,,,32.4,yfinance
0000021344,KO,COCA COLA CO,ordinaria,KO,US,USD,US1912161007,191216100,,82.63,yfinance
0000021344,KO,COCA COLA CO,cedear,KO,BYMA,ARS,ARDEUT110111,,5:1,26078.6527,derivado (usd*ccl/ratio)
0000056873,KR,KROGER CO,ordinaria,KR,US,USD,,,,59.86,yfinance
0001944048,KVUE,Kenvue Inc.,ordinaria,KVUE,US,USD,,,,19.18,yfinance
0000060086,L,LOEWS CORP,ordinaria,L,US,USD,,,,115.15,yfinance
0001336920,LDOS,"Leidos Holdings, Inc.",ordinaria,LDOS,US,USD,,,,106.62,yfinance
0000920760,LEN,LENNAR CORP /NEW/,ordinaria,LEN,US,USD,,,,84.35,yfinance
0000920148,LH,LABCORP HOLDINGS INC.,ordinaria,LH,US,USD,,,,277.63,yfinance
0000202058,LHX,"L3HARRIS TECHNOLOGIES, INC. /DE/",ordinaria,LHX,US,USD,,,,289.87,yfinance
0001069202,LII,LENNOX INTERNATIONAL INC,ordinaria,LII,US,USD,,,,537.5,yfinance
0001707925,LIN,LINDE PLC,ordinaria,LIN,US,USD,,,,525.56,yfinance
0001633978,LITE,Lumentum Holdings Inc.,ordinaria,LITE,US,USD,,,,785.77,yfinance
0000059478,LLY,ELI LILLY & Co,ordinaria,LLY,US,USD,US5324571083,532457108,,1216.95,yfinance
0000059478,LLY,ELI LILLY & Co,cedear,LLY,BYMA,ARS,ARDEUT111192,,56:1,34292.7337,derivado (usd*ccl/ratio)
0000936468,LMT,LOCKHEED MARTIN CORP,ordinaria,LMT,US,USD,US5398301094,539830109,,518.26,yfinance
0000936468,LMT,LOCKHEED MARTIN CORP,cedear,LMT,BYMA,ARS,ARDEUT111200,,20:1,40891.6957,derivado (usd*ccl/ratio)
0000352541,LNT,ALLIANT ENERGY CORP,ordinaria,LNT,US,USD,,,,75.7,yfinance
0000060667,LOW,LOWES COMPANIES INC,ordinaria,LOW,US,USD,,,,213.0,yfinance
0000707549,LRCX,LAM RESEARCH CORP,ordinaria,LRCX,US,USD,US5128073062,512807306,,353.17,yfinance
0000707549,LRCX,LAM RESEARCH CORP,cedear,LRCX,BYMA,ARS,ARBCOM4603X6,,56:1,9952.0652,derivado (usd*ccl/ratio)
0001397187,LULU,lululemon athletica inc.,ordinaria,LULU,US,USD,,,,116.51,yfinance
0000092380,LUV,SOUTHWEST AIRLINES CO,ordinaria,LUV,US,USD,,,,49.22,yfinance
0001300514,LVS,LAS VEGAS SANDS CORP,ordinaria,LVS,US,USD,US5178341070,517834107,,46.45,yfinance
0001300514,LVS,LAS VEGAS SANDS CORP,cedear,LVS,BYMA,ARS,ARDEUT116092,,2:1,36649.9298,derivado (usd*ccl/ratio)
0001489393,LYB,LyondellBasell Industries N.V.,ordinaria,LYB,US,USD,,,,55.39,yfinance
0001335258,LYV,"Live Nation Entertainment, Inc.",ordinaria,LYV,US,USD,,,,182.58,yfinance
0001141391,MA,Mastercard Inc,ordinaria,MA,US,USD,US57636Q1040,57636Q104,,523.2,yfinance
0001141391,MA,Mastercard Inc,cedear,MA,BYMA,ARS,ARBCOM4603D8,,33:1,25019.0735,derivado (usd*ccl/ratio)
0000912595,MAA,MID AMERICA APARTMENT COMMUNITIES INC.,ordinaria,MAA,US,USD,,,,136.0,yfinance
0001048286,MAR,MARRIOTT INTERNATIONAL INC /MD/,ordinaria,MAR,US,USD,,,,372.47,yfinance
0000062996,MAS,MASCO CORP /DE/,ordinaria,MAS,US,USD,,,,76.64,yfinance
0000063908,MCD,MCDONALDS CORP,ordinaria,MCD,US,USD,US5801351017,580135101,,276.49,yfinance
0000063908,MCD,MCDONALDS CORP,cedear,MCD,BYMA,ARS,ARDEUT110269,,24:1,18179.653,derivado (usd*ccl/ratio)
0000827054,MCHP,MICROCHIP TECHNOLOGY INC,ordinaria,MCHP,US,USD,,,,88.26,yfinance
0000927653,MCK,MCKESSON CORP,ordinaria,MCK,US,USD,,,,792.81,yfinance
0001059556,MCO,MOODYS CORP /DE/,ordinaria,MCO,US,USD,,,,487.02,yfinance
0001103982,MDLZ,"Mondelez International, Inc.",ordinaria,MDLZ,US,USD,US6092071058,609207105,,58.3,yfinance
0001103982,MDLZ,"Mondelez International, Inc.",cedear,MDLZ,BYMA,ARS,AR0774942129,,15:1,6133.307,derivado (usd*ccl/ratio)
0001613103,MDT,Medtronic plc,ordinaria,MDT,US,USD,IE00BTN1Y115,,,82.39,yfinance
0001613103,MDT,Medtronic plc,cedear,MDT,BYMA,ARS,ARDEUT111283,,4:1,32503.6345,derivado (usd*ccl/ratio)
0001099219,MET,METLIFE INC,ordinaria,MET,US,USD,,,,91.15,yfinance
0001326801,META,"Meta Platforms, Inc.",ordinaria,META,US,USD,US30303M1027,30303M102,,631.48,yfinance
0001326801,META,"Meta Platforms, Inc.",cedear,META,BYMA,ARS,ARBCOM460168,,24:1,41520.8047,derivado (usd*ccl/ratio)
0000789570,MGM,MGM Resorts International,ordinaria,MGM,US,USD,,,,46.44,yfinance
0000063754,MKC,MCCORMICK & CO INC,ordinaria,MKC,US,USD,,,,51.54,yfinance
0000916076,MLM,MARTIN MARIETTA MATERIALS INC,ordinaria,MLM,US,USD,,,,571.9,yfinance
0000066740,MMM,3M CO,ordinaria,MMM,US,USD,US88579Y1010,88579Y101,,155.34,yfinance
0000066740,MMM,3M CO,cedear,MMM,BYMA,ARS,ARDEUT110293,,10:1,24513.2394,derivado (usd*ccl/ratio)
0000865752,MNST,Monster Beverage Corp,ordinaria,MNST,US,USD,,,,96.55,yfinance
0000764180,MO,"ALTRIA GROUP, INC.",ordinaria,MO,US,USD,US02209S1033,02209S103,,71.59,yfinance
0000764180,MO,"ALTRIA GROUP, INC.",cedear,MO,BYMA,ARS,ARDEUT110327,,4:1,28242.931,derivado (usd*ccl/ratio)
0001285785,MOS,MOSAIC CO,ordinaria,MOS,US,USD,,,,20.75,yfinance
0001510295,MPC,Marathon Petroleum Corp,ordinaria,MPC,US,USD,,,,283.3,yfinance
0001280452,MPWR,MONOLITHIC POWER SYSTEMS INC,ordinaria,MPWR,US,USD,,,,1374.13,yfinance
0000310158,MRK,"Merck & Co., Inc.",ordinaria,MRK,US,USD,US58933Y1055,58933Y105,,125.07,yfinance
0000310158,MRK,"Merck & Co., Inc.",cedear,MRK,BYMA,ARS,ARDEUT110277,,5:1,39473.0388,derivado (usd*ccl/ratio)
0001682852,MRNA,"Moderna, Inc.",ordinaria,MRNA,US,USD,US60770K1079,60770K107,,76.56,yfinance
0001682852,MRNA,"Moderna, Inc.",cedear,MRNA,BYMA,ARS,AR0666228538,,19:1,6358.6618,derivado (usd*ccl/ratio)
0000062709,MRSH,"MARSH & MCLENNAN COMPANIES, INC.",ordinaria,MRSH,US,USD,US5717481023,571748102,,179.0,yfinance
0000062709,MRSH,"MARSH & MCLENNAN COMPANIES, INC.",cedear,MRSH,BYMA,ARS,ARDEUT111309,,16:1,17654.2985,derivado (usd*ccl/ratio)
0001835632,MRVL,"Marvell Technology, Inc.",ordinaria,MRVL,US,USD,US5738741041,573874104,,243.27,yfinance
0001835632,MRVL,"Marvell Technology, Inc.",cedear,MRVL,BYMA,ARS,AR0557997514,,14:1,27420.6625,derivado (usd*ccl/ratio)
0000895421,MS,MORGAN STANLEY,ordinaria,MS,US,USD,,,,222.13,yfinance
0001408198,MSCI,MSCI Inc.,ordinaria,MSCI,US,USD,,,,603.35,yfinance
0000789019,MSFT,MICROSOFT CORP,ordinaria,MSFT,US,USD,US5949181045,594918104,,384.36,yfinance
0000789019,MSFT,MICROSOFT CORP,cedear,MSFT,BYMA,ARS,ARDEUT110285,,30:1,20217.8202,derivado (usd*ccl/ratio)
0000068505,MSI,"Motorola Solutions, Inc.",ordinaria,MSI,US,USD,US6200763075,620076307,,417.21,yfinance
0000068505,MSI,"Motorola Solutions, Inc.",cedear,MSI,BYMA,ARS,ARDEUT110301,,20:1,32918.658,derivado (usd*ccl/ratio)
0000036270,MTB,M&T BANK CORP,ordinaria,MTB,US,USD,,,,237.94,yfinance
0001037646,MTD,METTLER TOLEDO INTERNATIONAL INC/,ordinaria,MTD,US,USD,,,,1288.02,yfinance
0000723125,MU,MICRON TECHNOLOGY INC,ordinaria,MU,US,USD,,,,991.64,yfinance
0001513761,NCLH,Norwegian Cruise Line Holdings Ltd.,ordinaria,NCLH,US,USD,,,,19.76,yfinance
0001120193,NDAQ,"NASDAQ, INC.",ordinaria,NDAQ,US,USD,,,,87.52,yfinance
0000072331,NDSN,NORDSON CORP,ordinaria,NDSN,US,USD,,,,286.37,yfinance
0000753308,NEE,NEXTERA ENERGY INC,ordinaria,NEE,US,USD,US65339F1012,65339F101,,87.1,yfinance
0000753308,NEE,NEXTERA ENERGY INC,cedear,NEE,BYMA,ARS,AR0204516899,,19:1,7234.0576,derivado (usd*ccl/ratio)
0001164727,NEM,NEWMONT Corp /DE/,ordinaria,NEM,US,USD,US6516391066,651639106,,94.81,yfinance
0001164727,NEM,NEWMONT Corp /DE/,cedear,NEM,BYMA,ARS,ARDEUT112570,,3:1,49871.255,derivado (usd*ccl/ratio)
0001065280,NFLX,NETFLIX INC,ordinaria,NFLX,US,USD,US64110L1061,64110L106,,75.47,yfinance
0001065280,NFLX,NETFLIX INC,cedear,NFLX,BYMA,ARS,ARBCOM4601D2,,48:1,2481.1358,derivado (usd*ccl/ratio)
0001111711,NI,NISOURCE INC.,ordinaria,NI,US,USD,,,,46.66,yfinance
0000320187,NKE,"NIKE, Inc.",ordinaria,NKE,US,USD,US6541061031,654106103,,42.78,yfinance
0000320187,NKE,"NIKE, Inc.",cedear,NKE,BYMA,ARS,ARDEUT111341,,12:1,5625.7048,derivado (usd*ccl/ratio)
0001133421,NOC,NORTHROP GRUMMAN CORP /DE/,ordinaria,NOC,US,USD,,,,532.23,yfinance
0001373715,NOW,"ServiceNow, Inc.",ordinaria,NOW,US,USD,US81762P1021,81762P102,,108.84,yfinance
0001373715,NOW,"ServiceNow, Inc.",cedear,NOW,BYMA,ARS,AR0253474594,,172:1,998.5676,derivado (usd*ccl/ratio)
0001013871,NRG,"NRG ENERGY, INC.",ordinaria,NRG,US,USD,,,,140.48,yfinance
0000702165,NSC,NORFOLK SOUTHERN CORP,ordinaria,NSC,US,USD,,,,323.77,yfinance
0001002047,NTAP,"NetApp, Inc.",ordinaria,NTAP,US,USD,,,,171.73,yfinance
0000073124,NTRS,NORTHERN TRUST CORP,ordinaria,NTRS,US,USD,,,,182.86,yfinance
0000073309,NUE,NUCOR CORP,ordinaria,NUE,US,USD,US6703461052,670346105,,222.28,yfinance
0000073309,NUE,NUCOR CORP,cedear,NUE,BYMA,ARS,ARDEUT111358,,16:1,21922.8908,derivado (usd*ccl/ratio)
0001045810,NVDA,NVIDIA CORP,ordinaria,NVDA,US,USD,US67066G1040,67066G104,,202.78,yfinance
0001045810,NVDA,NVIDIA CORP,cedear,NVDA,BYMA,ARS,ARBCOM460184,,24:1,13333.1048,derivado (usd*ccl/ratio)
0000906163,NVR,NVR INC,ordinaria,NVR,US,USD,,,,6471.4399,yfinance
0001564708,NWSA,NEWS CORP,ordinaria,NWSA,US,USD,,,,27.49,yfinance
0001413447,NXPI,NXP Semiconductors N.V.,ordinaria,NXPI,US,USD,,,,290.54,yfinance
0000726728,O,REALTY INCOME CORP,ordinaria,O,US,USD,US7561091049,756109104,,63.17,yfinance
0000726728,O,REALTY INCOME CORP,cedear,O,BYMA,ARS,AR0245808040,,13:1,7668.0499,derivado (usd*ccl/ratio)
0000878927,ODFL,"OLD DOMINION FREIGHT LINE, INC.",ordinaria,ODFL,US,USD,,,,225.85,yfinance
0001039684,OKE,ONEOK INC /NEW/,ordinaria,OKE,US,USD,,,,89.5,yfinance
0000029989,OMC,OMNICOM GROUP INC.,ordinaria,OMC,US,USD,,,,80.83,yfinance
0001097864,ON,ON SEMICONDUCTOR CORP,ordinaria,ON,US,USD,,,,97.87,yfinance
0001341439,ORCL,ORACLE CORP,ordinaria,ORCL,US,USD,US68389X1054,68389X105,,144.22,yfinance
0001341439,ORCL,ORACLE CORP,cedear,ORCL,BYMA,ARS,ARDEUT111374,,3:1,75861.5404,derivado (usd*ccl/ratio)
0000898173,ORLY,O REILLY AUTOMOTIVE INC,ordinaria,ORLY,US,USD,US67103H1077,67103H107,,85.12,yfinance
0000898173,ORLY,O REILLY AUTOMOTIVE INC,cedear,ORLY,BYMA,ARS,AR0876089472,,222:1,605.0567,derivado (usd*ccl/ratio)
0001781335,OTIS,Otis Worldwide Corp,ordinaria,OTIS,US,USD,,,,72.0,yfinance
0000797468,OXY,OCCIDENTAL PETROLEUM CORP /DE/,ordinaria,OXY,US,USD,,,,52.3,yfinance
0001327567,PANW,Palo Alto Networks Inc,ordinaria,PANW,US,USD,,,,338.31,yfinance
0000723531,PAYX,PAYCHEX INC,ordinaria,PAYX,US,USD,,,,106.26,yfinance
0000075362,PCAR,PACCAR INC,ordinaria,PCAR,US,USD,US6937181088,693718108,,123.28,yfinance
0000075362,PCAR,PACCAR INC,cedear,PCAR,BYMA,ARS,ARDEUT111390,,3:1,64846.8349,derivado (usd*ccl/ratio)
0001004980,PCG,PG&E Corp,ordinaria,PCG,US,USD,,,,17.18,yfinance
0000788784,PEG,PUBLIC SERVICE ENTERPRISE GROUP INC,ordinaria,PEG,US,USD,,,,80.17,yfinance
0000077476,PEP,PEPSICO INC,ordinaria,PEP,US,USD,US7134481081,713448108,,137.86,yfinance
0000077476,PEP,PEPSICO INC,cedear,PEP,BYMA,ARS,ARDEUT111416,,18:1,12086.0166,derivado (usd*ccl/ratio)
0000078003,PFE,PFIZER INC,ordinaria,PFE,US,USD,US7170811035,717081103,,24.25,yfinance
0000078003,PFE,PFIZER INC,cedear,PFE,BYMA,ARS,ARDEUT111424,,4:1,9566.8545,derivado (usd*ccl/ratio)
0001126328,PFG,PRINCIPAL FINANCIAL GROUP INC,ordinaria,PFG,US,USD,,,,111.67,yfinance
0000080424,PG,PROCTER & GAMBLE Co,ordinaria,PG,US,USD,US7427181091,742718109,,146.85,yfinance
0000080424,PG,PROCTER & GAMBLE Co,cedear,PG,BYMA,ARS,ARDEUT110335,,15:1,15448.9912,derivado (usd*ccl/ratio)
0000080661,PGR,PROGRESSIVE CORP/OH/,ordinaria,PGR,US,USD,,,,229.52,yfinance
0000076334,PH,Parker-Hannifin Corp,ordinaria,PH,US,USD,,,,949.17,yfinance
0000822416,PHM,PULTEGROUP INC/MI/,ordinaria,PHM,US,USD,,,,123.72,yfinance
0000075677,PKG,PACKAGING CORP OF AMERICA,ordinaria,PKG,US,USD,,,,224.49,yfinance
0001045609,PLD,"Prologis, Inc.",ordinaria,PLD,US,USD,,,,141.36,yfinance
0001321655,PLTR,Palantir Technologies Inc.,ordinaria,PLTR,US,USD,US69608A1088,69608A108,,129.04,yfinance
0001321655,PLTR,Palantir Technologies Inc.,cedear,PLTR,BYMA,ARS,AR0132889822,,3:1,67876.6647,derivado (usd*ccl/ratio)
0001413329,PM,Philip Morris International Inc.,ordinaria,PM,US,USD,US7181721090,718172109,,181.17,yfinance
0001413329,PM,Philip Morris International Inc.,cedear,PM,BYMA,ARS,AR0361136887,,18:1,15882.9508,derivado (usd*ccl/ratio)
0000713676,PNC,"PNC FINANCIAL SERVICES GROUP, INC.",ordinaria,PNC,US,USD,,,,250.91,yfinance
0000077360,PNR,PENTAIR plc,ordinaria,PNR,US,USD,,,,74.57,yfinance
0000764622,PNW,PINNACLE WEST CAPITAL CORP,ordinaria,PNW,US,USD,,,,106.75,yfinance
0001145197,PODD,INSULET CORP,ordinaria,PODD,US,USD,,,,158.29,yfinance
0000079879,PPG,PPG INDUSTRIES INC,ordinaria,PPG,US,USD,,,,115.96,yfinance
0000922224,PPL,PPL Corp,ordinaria,PPL,US,USD,,,,35.66,yfinance
0001137774,PRU,PRUDENTIAL FINANCIAL INC,ordinaria,PRU,US,USD,,,,115.0,yfinance
0001393311,PSA,Public Storage,ordinaria,PSA,US,USD,,,,319.35,yfinance
0002041610,PSKY,Paramount Skydance Corp,ordinaria,PSKY,US,USD,,,,9.33,yfinance
0001534701,PSX,Phillips 66,ordinaria,PSX,US,USD,US7185461040,718546104,,189.82,yfinance
0001534701,PSX,Phillips 66,cedear,PSX,BYMA,ARS,ARBCOM460333,,6:1,49923.8595,derivado (usd*ccl/ratio)
0000857005,PTC,PTC INC.,ordinaria,PTC,US,USD,,,,123.79,yfinance
0001050915,PWR,"QUANTA SERVICES, INC.",ordinaria,PWR,US,USD,,,,668.17,yfinance
0001633917,PYPL,"PayPal Holdings, Inc.",ordinaria,PYPL,US,USD,US70450Y1038,70450Y103,,45.32,yfinance
0001633917,PYPL,"PayPal Holdings, Inc.",cedear,PYPL,BYMA,ARS,ARBCOM4601S0,,8:1,8939.5844,derivado (usd*ccl/ratio)
0002058873,Q,"Qnity Electronics, Inc.",ordinaria,Q,US,USD,,,,143.46,yfinance
0000804328,QCOM,QUALCOMM INC/DE,ordinaria,QCOM,US,USD,US7475251036,747525103,,191.11,yfinance
0000804328,QCOM,QUALCOMM INC/DE,cedear,QCOM,BYMA,ARS,ARDEUT111457,,11:1,27416.2559,derivado (usd*ccl/ratio)
0000884887,RCL,ROYAL CARIBBEAN CRUISES LTD,ordinaria,RCL,US,USD,,,,288.08,yfinance
0000910606,REG,REGENCY CENTERS CORP,ordinaria,REG,US,USD,,,,79.44,yfinance
0000872589,REGN,"REGENERON PHARMACEUTICALS, INC.",ordinaria,REGN,US,USD,,,,667.95,yfinance
0001281761,RF,REGIONS FINANCIAL CORP,ordinaria,RF,US,USD,,,,30.58,yfinance
0000720005,RJF,RAYMOND JAMES FINANCIAL INC,ordinaria,RJF,US,USD,,,,168.72,yfinance
0001037038,RL,RALPH LAUREN CORP,ordinaria,RL,US,USD,,,,387.58,yfinance
0000943819,RMD,RESMED INC,ordinaria,RMD,US,USD,,,,208.45,yfinance
0001024478,ROK,"ROCKWELL AUTOMATION, INC",ordinaria,ROK,US,USD,,,,467.48,yfinance
0000084839,ROL,ROLLINS INC,ordinaria,ROL,US,USD,,,,44.77,yfinance
0000882835,ROP,ROPER TECHNOLOGIES INC,ordinaria,ROP,US,USD,,,,355.94,yfinance
0000745732,ROST,"ROSS STORES, INC.",ordinaria,ROST,US,USD,US7782961038,778296103,,220.6,yfinance
0000745732,ROST,"ROSS STORES, INC.",cedear,ROST,BYMA,ARS,ARBCOM4600Z7,,4:1,87028.7901,derivado (usd*ccl/ratio)
0001060391,RSG,"REPUBLIC SERVICES, INC.",ordinaria,RSG,US,USD,,,,218.69,yfinance
0000101829,RTX,RTX Corp,ordinaria,RTX,US,USD,US75513E1010,75513E101,,195.2,yfinance
0000101829,RTX,RTX Corp,cedear,RTX,BYMA,ARS,ARDEUT110384,,5:1,61606.5969,derivado (usd*ccl/ratio)
0000031791,RVTY,"REVVITY, INC.",ordinaria,RVTY,US,USD,,,,112.95,yfinance
0001415404,SATS,EchoStar CORP,ordinaria,SATS,US,USD,,,,103.915,yfinance
0001034054,SBAC,SBA COMMUNICATIONS CORP,ordinaria,SBAC,US,USD,,,,182.48,yfinance
0000829224,SBUX,STARBUCKS CORP,ordinaria,SBUX,US,USD,US8552441094,855244109,,106.41,yfinance
0000829224,SBUX,STARBUCKS CORP,cedear,SBUX,BYMA,ARS,ARDEUT111481,,12:1,13993.2512,derivado (usd*ccl/ratio)
0000316709,SCHW,SCHWAB CHARLES CORP,ordinaria,SCHW,US,USD,US8085131055,808513105,,101.91,yfinance
0000316709,SCHW,SCHWAB CHARLES CORP,cedear,SCHW,BYMA,ARS,AR0368313562,,13:1,12370.6033,derivado (usd*ccl/ratio)
0000089800,SHW,SHERWIN WILLIAMS CO,ordinaria,SHW,US,USD,,,,332.03,yfinance
0000091419,SJM,J M SMUCKER Co,ordinaria,SJM,US,USD,,,,110.87,yfinance
0000087347,SLB,SLB LIMITED/NV,ordinaria,SLB,US,USD,AN8068571086,,,47.24,yfinance
0000087347,SLB,SLB LIMITED/NV,cedear,SLB,BYMA,ARS,ARDEUT111515,,3:1,24848.837,derivado (usd*ccl/ratio)
0001375365,SMCI,"Super Micro Computer, Inc.",ordinaria,SMCI,US,USD,,,,28.24,yfinance
0000091440,SNA,Snap-on Inc,ordinaria,SNA,US,USD,US8330341012,833034101,,400.03,yfinance
0000091440,SNA,Snap-on Inc,cedear,SNA,BYMA,ARS,ARDEUT111549,,6:1,105210.4135,derivado (usd*ccl/ratio)
0002023554,SNDK,Sandisk Corp,ordinaria,SNDK,US,USD,US80004C2008,80004C200,,1858.27,yfinance
0002023554,SNDK,Sandisk Corp,cedear,SNDK,BYMA,ARS,AR0142846093,,170:1,17249.532,derivado (usd*ccl/ratio)
0000883241,SNPS,SYNOPSYS INC,ordinaria,SNPS,US,USD,,,,443.37,yfinance
0000092122,SO,SOUTHERN CO,ordinaria,SO,US,USD,,,,95.17,yfinance
0001964738,SOLV,Solventum Corp,ordinaria,SOLV,US,USD,,,,75.96,yfinance
0001063761,SPG,SIMON PROPERTY GROUP INC.,ordinaria,SPG,US,USD,,,,219.71,yfinance
0000064040,SPGI,S&P Global Inc.,ordinaria,SPGI,US,USD,US78409V1044,78409V104,,432.96,yfinance
0000064040,SPGI,S&P Global Inc.,cedear,SPGI,BYMA,ARS,ARBCOM4603V0,,45:1,15182.8279,derivado (usd*ccl/ratio)
0001032208,SRE,SEMPRA,ordinaria,SRE,US,USD,,,,94.62,yfinance
0001757898,STE,STERIS plc,ordinaria,STE,US,USD,,,,216.0,yfinance
0001022671,STLD,STEEL DYNAMICS INC,ordinaria,STLD,US,USD,,,,222.06,yfinance
0000093751,STT,STATE STREET CORP,ordinaria,STT,US,USD,,,,180.16,yfinance
0001137789,STX,Seagate Technology Holdings plc,ordinaria,STX,US,USD,,,,890.09,yfinance
0000016918,STZ,"CONSTELLATION BRANDS, INC.",ordinaria,STZ,US,USD,,,,132.44,yfinance
0002005951,SW,Smurfit Westrock plc,ordinaria,SW,US,USD,,,,42.99,yfinance
0000093556,SWK,"STANLEY BLACK & DECKER, INC.",ordinaria,SWK,US,USD,,,,86.82,yfinance
0000004127,SWKS,"SKYWORKS SOLUTIONS, INC.",ordinaria,SWKS,US,USD,US83088M1027,83088M102,,59.95,yfinance
0000004127,SWKS,"SKYWORKS SOLUTIONS, INC.",cedear,SWKS,BYMA,ARS,AR0061200025,,21:1,4504.9224,derivado (usd*ccl/ratio)
0001601712,SYF,Synchrony Financial,ordinaria,SYF,US,USD,,,,71.57,yfinance
0000310764,SYK,STRYKER CORP,ordinaria,SYK,US,USD,,,,327.11,yfinance
0000096021,SYY,SYSCO CORP,ordinaria,SYY,US,USD,US8718291078,871829107,,82.03,yfinance
0000096021,SYY,SYSCO CORP,cedear,SYY,BYMA,ARS,ARDEUT111598,,8:1,16180.8054,derivado (usd*ccl/ratio)
0000732717,T,AT&T INC.,ordinaria,T,US,USD,US00206R1023,00206R102,,21.04,yfinance
0000732717,T,AT&T INC.,cedear,T,BYMA,ARS,ARDEUT111713,,3:1,11067.306,derivado (usd*ccl/ratio)
0000024545,TAP,MOLSON COORS BEVERAGE CO,ordinaria,TAP,US,USD,,,,38.74,yfinance
0001260221,TDG,TransDigm Group INC,ordinaria,TDG,US,USD,,,,1295.71,yfinance
0001094285,TDY,TELEDYNE TECHNOLOGIES INC,ordinaria,TDY,US,USD,,,,631.52,yfinance
0000842023,TECH,BIO-TECHNE Corp,ordinaria,TECH,US,USD,,,,71.15,yfinance
0001385157,TEL,TE Connectivity plc,ordinaria,TEL,US,USD,,,,198.91,yfinance
0000097210,TER,"TERADYNE, INC",ordinaria,TER,US,USD,,,,362.75,yfinance
0000092230,TFC,TRUIST FINANCIAL CORP,ordinaria,TFC,US,USD,,,,51.37,yfinance
0000027419,TGT,TARGET CORP,ordinaria,TGT,US,USD,US87612E1064,87612E106,,132.27,yfinance
0000027419,TGT,TARGET CORP,cedear,TGT,BYMA,ARS,ARBCOM460101,,24:1,8696.9614,derivado (usd*ccl/ratio)
0000109198,TJX,TJX COMPANIES INC /DE/,ordinaria,TJX,US,USD,US8725401090,872540109,,150.9,yfinance
0000109198,TJX,TJX COMPANIES INC /DE/,cedear,TJX,BYMA,ARS,AR0831219149,,22:1,10823.9047,derivado (usd*ccl/ratio)
0001973266,TKO,"TKO Group Holdings, Inc.",ordinaria,TKO,US,USD,,,,188.18,yfinance
0000097745,TMO,THERMO FISHER SCIENTIFIC INC.,ordinaria,TMO,US,USD,US8835561023,883556102,,524.71,yfinance
0000097745,TMO,THERMO FISHER SCIENTIFIC INC.,cedear,TMO,BYMA,ARS,ARBCOM4601F7,,22:1,37636.9217,derivado (usd*ccl/ratio)
0001283699,TMUS,"T-Mobile US, Inc.",ordinaria,TMUS,US,USD,US8725901040,872590104,,181.48,yfinance
0001283699,TMUS,"T-Mobile US, Inc.",cedear,TMUS,BYMA,ARS,AR0964115726,,33:1,8678.2516,derivado (usd*ccl/ratio)
0001811074,TPL,Texas Pacific Land Corp,ordinaria,TPL,US,USD,,,,390.77,yfinance
0001116132,TPR,"TAPESTRY, INC.",ordinaria,TPR,US,USD,,,,139.93,yfinance
0001389170,TRGP,Targa Resources Corp.,ordinaria,TRGP,US,USD,,,,273.02,yfinance
0000864749,TRMB,TRIMBLE INC.,ordinaria,TRMB,US,USD,,,,52.71,yfinance
0001113169,TROW,PRICE T ROWE GROUP INC,ordinaria,TROW,US,USD,,,,117.05,yfinance
0000086312,TRV,"TRAVELERS COMPANIES, INC.",ordinaria,TRV,US,USD,US89417E1091,89417E109,,337.48,yfinance
0000086312,TRV,"TRAVELERS COMPANIES, INC.",cedear,TRV,BYMA,ARS,ARDEUT116100,,6:1,88759.3721,derivado (usd*ccl/ratio)
0000916365,TSCO,TRACTOR SUPPLY CO /DE/,ordinaria,TSCO,US,USD,,,,30.12,yfinance
0001318605,TSLA,"Tesla, Inc.",ordinaria,TSLA,US,USD,US88160R1014,88160R101,,406.55,yfinance
0001318605,TSLA,"Tesla, Inc.",cedear,TSLA,BYMA,ARS,ARBCOM4601K7,,15:1,42770.0847,derivado (usd*ccl/ratio)
0000100493,TSN,"TYSON FOODS, INC.",ordinaria,TSN,US,USD,,,,57.71,yfinance
0001466258,TT,Trane Technologies plc,ordinaria,TT,US,USD,,,,472.0,yfinance
0001671933,TTD,"Trade Desk, Inc.",ordinaria,TTD,US,USD,,,,19.75,yfinance
0000946581,TTWO,TAKE TWO INTERACTIVE SOFTWARE INC,ordinaria,TTWO,US,USD,,,,246.1,yfinance
0000097476,TXN,TEXAS INSTRUMENTS INC,ordinaria,TXN,US,USD,US8825081040,882508104,,308.53,yfinance
0000097476,TXN,TEXAS INSTRUMENTS INC,cedear,TXN,BYMA,ARS,ARDEUT111622,,5:1,97374.4034,derivado (usd*ccl/ratio)
0000217346,TXT,TEXTRON INC,ordinaria,TXT,US,USD,,,,90.43,yfinance
0000860731,TYL,TYLER TECHNOLOGIES INC,ordinaria,TYL,US,USD,,,,311.01,yfinance
0000100517,UAL,"United Airlines Holdings, Inc.",ordinaria,UAL,US,USD,,,,129.05,yfinance
0001543151,UBER,"Uber Technologies, Inc",ordinaria,UBER,US,USD,,,,74.35,yfinance
0000074208,UDR,"UDR, Inc.",ordinaria,UDR,US,USD,,,,39.69,yfinance
0000352915,UHS,UNIVERSAL HEALTH SERVICES INC,ordinaria,UHS,US,USD,,,,155.2,yfinance
0001403568,ULTA,"Ulta Beauty, Inc.",ordinaria,ULTA,US,USD,,,,460.24,yfinance
0000731766,UNH,UNITEDHEALTH GROUP INC,ordinaria,UNH,US,USD,US91324P1021,91324P102,,431.68,yfinance
0000731766,UNH,UNITEDHEALTH GROUP INC,cedear,UNH,BYMA,ARS,ARBCOM460390,,33:1,20642.6476,derivado (usd*ccl/ratio)
0000100885,UNP,UNION PACIFIC CORP,ordinaria,UNP,US,USD,US9078181081,907818108,,285.04,yfinance
0000100885,UNP,UNION PACIFIC CORP,cedear,UNP,BYMA,ARS,ARBCOM460382,,20:1,22490.1962,derivado (usd*ccl/ratio)
0001090727,UPS,UNITED PARCEL SERVICE INC,ordinaria,UPS,US,USD,,,,110.74,yfinance
0001067701,URI,"UNITED RENTALS, INC.",ordinaria,URI,US,USD,,,,1088.67,yfinance
0000036104,USB,US BANCORP DE,ordinaria,USB,US,USD,US9029733048,902973304,,61.0,yfinance
0000036104,USB,US BANCORP DE,cedear,USB,BYMA,ARS,ARDEUT112919,,5:1,19252.0618,derivado (usd*ccl/ratio)
0001403161,V,VISA INC.,ordinaria,V,US,USD,US92826C8394,92826C839,,348.2,yfinance
0001403161,V,VISA INC.,cedear,V,BYMA,ARS,ARBCOM460127,,18:1,30526.2667,derivado (usd*ccl/ratio)
0001393052,VEEV,VEEVA SYSTEMS INC,ordinaria,VEEV,US,USD,,,,189.7,yfinance
0001705696,VICI,VICI PROPERTIES INC.,ordinaria,VICI,US,USD,,,,25.93,yfinance
0001035002,VLO,VALERO ENERGY CORP/TX,ordinaria,VLO,US,USD,,,,281.25,yfinance
0001967680,VLTO,Veralto Corp,ordinaria,VLTO,US,USD,,,,92.1,yfinance
0001396009,VMC,Vulcan Materials CO,ordinaria,VMC,US,USD,,,,288.73,yfinance
0001442145,VRSK,"Verisk Analytics, Inc.",ordinaria,VRSK,US,USD,,,,187.01,yfinance
0001014473,VRSN,VERISIGN INC/CA,ordinaria,VRSN,US,USD,US92343E1029,92343E102,,269.98,yfinance
0001014473,VRSN,VERISIGN INC/CA,cedear,VRSN,BYMA,ARS,ARBCOM4600U8,,6:1,71006.4462,derivado (usd*ccl/ratio)
0001674101,VRT,Vertiv Holdings Co,ordinaria,VRT,US,USD,,,,323.92,yfinance
0000875320,VRTX,VERTEX PHARMACEUTICALS INC / MA,ordinaria,VRTX,US,USD,US92532F1003,92532F100,,496.5,yfinance
0000875320,VRTX,VERTEX PHARMACEUTICALS INC / MA,cedear,VRTX,BYMA,ARS,AR0468655268,,101:1,7757.3841,derivado (usd*ccl/ratio)
0001692819,VST,Vistra Corp.,ordinaria,VST,US,USD,US92840M1027,92840M102,,157.98,yfinance
0001692819,VST,Vistra Corp.,cedear,VST,BYMA,ARS,AR0659507682,,26:1,9588.4005,derivado (usd*ccl/ratio)
0000740260,VTR,"Ventas, Inc.",ordinaria,VTR,US,USD,,,,91.74,yfinance
0001792044,VTRS,Viatris Inc,ordinaria,VTRS,US,USD,,,,16.34,yfinance
0000732712,VZ,VERIZON COMMUNICATIONS INC,ordinaria,VZ,US,USD,US92343V1044,92343V104,,42.24,yfinance
0000732712,VZ,VERIZON COMMUNICATIONS INC,cedear,VZ,BYMA,ARS,ARDEUT112927,,4:1,16664.0804,derivado (usd*ccl/ratio)
0000943452,WAB,WESTINGHOUSE AIR BRAKE TECHNOLOGIES CORP,ordinaria,WAB,US,USD,,,,259.77,yfinance
0001000697,WAT,WATERS CORP /DE/,ordinaria,WAT,US,USD,,,,377.13,yfinance
0001437107,WBD,"Warner Bros. Discovery, Inc.",ordinaria,WBD,US,USD,,,,26.63,yfinance
0001327811,WDAY,"Workday, Inc.",ordinaria,WDAY,US,USD,,,,138.34,yfinance
0000106040,WDC,WESTERN DIGITAL CORP,ordinaria,WDC,US,USD,,,,578.05,yfinance
0000783325,WEC,"WEC ENERGY GROUP, INC.",ordinaria,WEC,US,USD,,,,114.89,yfinance
0000766704,WELL,WELLTOWER INC.,ordinaria,WELL,US,USD,,,,232.12,yfinance
0000072971,WFC,WELLS FARGO & COMPANY/MN,ordinaria,WFC,US,USD,US9497461015,949746101,,86.91,yfinance
0000072971,WFC,WELLS FARGO & COMPANY/MN,cedear,WFC,BYMA,ARS,ARDEUT110434,,5:1,27429.4551,derivado (usd*ccl/ratio)
0000823768,WM,WASTE MANAGEMENT INC,ordinaria,WM,US,USD,,,,231.67,yfinance
0000107263,WMB,"WILLIAMS COMPANIES, INC.",ordinaria,WMB,US,USD,,,,75.45,yfinance
0000104169,WMT,Walmart Inc.,ordinaria,WMT,US,USD,US9311421039,931142103,,112.21,yfinance
0000104169,WMT,Walmart Inc.,cedear,WMT,BYMA,ARS,ARDEUT110400,,18:1,9837.3126,derivado (usd*ccl/ratio)
0000011544,WRB,BERKLEY W R CORP,ordinaria,WRB,US,USD,,,,71.82,yfinance
0000719955,WSM,WILLIAMS SONOMA INC,ordinaria,WSM,US,USD,,,,219.77,yfinance
0000105770,WST,WEST PHARMACEUTICAL SERVICES INC,ordinaria,WST,US,USD,,,,357.66,yfinance
0001140536,WTW,WILLIS TOWERS WATSON PLC,ordinaria,WTW,US,USD,,,,289.13,yfinance
0000106535,WY,WEYERHAEUSER CO,ordinaria,WY,US,USD,,,,22.5,yfinance
0001174922,WYNN,WYNN RESORTS LTD,ordinaria,WYNN,US,USD,,,,98.83,yfinance
0000072903,XEL,XCEL ENERGY INC,ordinaria,XEL,US,USD,,,,79.02,yfinance
0000034088,XOM,EXXON MOBIL CORP,ordinaria,XOM,US,USD,US30233Q1085,30233Q108,,137.46,yfinance
0000034088,XOM,EXXON MOBIL CORP,cedear,XOM,BYMA,ARS,ARDEUT110152,,10:1,21691.7094,derivado (usd*ccl/ratio)
0001524472,XYL,Xylem Inc.,ordinaria,XYL,US,USD,,,,118.89,yfinance
0001512673,XYZ,"Block, Inc.",ordinaria,XYZ,US,USD,US8522341036,852234103,,77.42,yfinance
0001512673,XYZ,"Block, Inc.",cedear,XYZ,BYMA,ARS,ARBCOM460374,,20:1,6108.5844,derivado (usd*ccl/ratio)
0001041061,YUM,YUM BRANDS INC,ordinaria,YUM,US,USD,,,,162.39,yfinance
0001136869,ZBH,"ZIMMER BIOMET HOLDINGS, INC.",ordinaria,ZBH,US,USD,,,,89.23,yfinance
0000877212,ZBRA,ZEBRA TECHNOLOGIES CORP,ordinaria,ZBRA,US,USD,,,,272.65,yfinance
0001555280,ZTS,Zoetis Inc.,ordinaria,ZTS,US,USD,,,,75.08,yfinance
0001347426,BMA,Macro Bank Inc.,adr,BMA,NYSE,USD,US05961W1053,05961W105,10,90.302,yfinance
0001347426,BMA,Macro Bank Inc.,ordinaria_ar,BMA,BYMA,ARS,,,,14250.0,iamc
