cuit,ticker,period_ref,grupo,ROE,ROA,MargenNeto,DeudaEBITDA,EPS,FCF_CE,Payout,CAGR_EPS_5y,CAGR_flag,PER,PriceBook,PriceSales,Precio,MarketCapUSD,Currency,Max52w,Min52w,flag_cnv_fallback,flag_no_significativo,dato_desactualizado,payout_source,provenance
30525698412,A3,2026-03-31,byma_only,-0.012058073423973907,-0.009681510786319158,-0.3005394899976544,0.8632509689922481,,-0.003862432731411959,1.5566454470726516,0.011340795149272331,vintage_mixto(2020-09-30..2025-06-30),23.729468302672107,1.1497267582752209,4.792866115709891,3480.0,855186308160.0,ARS,-0.3635057471264368,0.5711060948081264,0,0,0,facts(yfinance),ROE; ROA; Margen; D/EBITDA; CAGR(vintage_mixto(2020-09-30..2025-06-30)); Payout(facts); FCF/CE; Precio=ARS; PER; P/B; P/S
30503087967,AGRO,2026-03-31,byma_only,-0.026513260647411892,-0.01464292955580409,-0.11844700712173185,-38.290820488248166,-0.82,-0.0721262837440415,,,ratio_negativo,6.066443992477456,1.0351555845236904,0.2580628849742779,40.70000076293945,48840000915.52734,ARS,0.7444717117708528,0.5653846447284405,0,0,0,,ROE; ROA; Margen; D/EBITDA; EPS; Payout(sin_dato); FCF/CE; Precio=ARS; PER; P/B; P/S
30522780606,ALUA,2026-03-31,byma_only,0.07250645934663912,0.04403222384347146,0.07956345114401245,2.9915680856025952,53.36,0.05703772045645708,0.6907224483352987,-0.10193731676636353,vintage_mixto(2021-12-31..2026-03-31),16.379808826199707,1.3350714511202477,0.5312308723757938,982.5,2751000000000.0,ARS,0.19083969465648853,0.6375,0,0,0,facts(yfinance),ROE; ROA; Margen; D/EBITDA; EPS; CAGR(vintage_mixto(2021-12-31..2026-03-31)); Payout(facts); FCF/CE; Precio=ARS; PER; P/B; P/S
30677237119,AUSO,2025-09-30,byma_only,0.18776080657189864,0.11293622543757373,0.3818408104196816,,0.0,0.020981230466192637,1.1502083389584297,,division_por_cero,146.53516971549521,0.846571641266787,0.5877603501053467,3365.0,297412469580.0,ARS,0.3075780089153046,1.0455927051671732,0,0,0,facts(yfinance),ROE; ROA; Margen; EPS; Payout(facts); FCF/CE; Precio=ARS; PER; P/B; P/S
30500011072,BHIP,2025-12-31,byma_only,0.04167331144976662,0.006649880760785342,0.02017708626517063,,17.01,0.18665497483285204,0.7433089521152044,0.008987852883862057,,14.865123243182106,0.9255121327674115,0.2144324762510118,368.0,552000000000.0,ARS,0.6440217391304348,1.0444444444444443,0,0,0,facts(yfinance),ROE; ROA; Margen; EPS; CAGR(); Payout(facts); FCF/CE; Precio=ARS; PER; P/B; P/S
30709967424,BOLT,2026-04-30,byma_only,0.17004924616378037,0.0708449631728098,0.18535047571709004,0.7297910085492026,11.26,0.07073492967118436,0.01762607798415576,-0.20824338115795082,vintage_mixto(2021-10-31..2026-04-30),9.26103272066647,5.0349800957289315,0.9624421189105413,46.400001525878906,114352026235.703,ARS,0.40086202289771955,0.8709678610207299,0,0,0,facts(yfinance),ROE; ROA; Margen; D/EBITDA; EPS; CAGR(vintage_mixto(2021-10-31..2026-04-30)); Payout(facts); FCF/CE; Precio=ARS; PER; P/B; P/S
30500179151,BOLT_2,2026-01-31,byma_only,0.0485368481465153,0.022660115918917152,0.16483440221917073,6.249589936246448,0.9,-0.042180014201859864,,-0.4115055094763651,vintage_mixto(2021-10-31..2026-01-31),,,,,,,,,0,0,0,,ROE; ROA; Margen; D/EBITDA; EPS; CAGR(vintage_mixto(2021-10-31..2026-01-31)); Payout(sin_dato); FCF/CE
30500006613,BPAT,2020-12-31,byma_only,0.20880649042074512,0.03479201630784808,0.1523289591648844,,14.57,4.5192977108819945e-05,0.852396464782365,-0.35403607562651773,vintage_mixto(2021-12-31..2026-03-31),,,,2155.0,1549757985735.0,ARS,0.4385150812064966,0.9070796460176991,0,1,1,facts(yfinance),ROE; ROA; Margen; EPS; CAGR(vintage_mixto(2021-12-31..2026-03-31)); Payout(facts); FCF/CE; Precio=ARS
30715471953,BYMA,2025-12-31,byma_only,0.2636446476289764,0.10730760138633146,0.9558641320811497,4.087671885178809,28.31,0.3279071545594576,1.3383632673638715,-0.669724444806778,vintage_mixto(2021-12-31..2026-03-31),6.555120612536365,3.563586337847207,5.173087518393893,306.0,2330529039126.0,ARS,0.14950980392156854,1.1549295774647885,0,0,0,facts(yfinance),ROE; ROA; Margen; D/EBITDA; EPS; CAGR(vintage_mixto(2021-12-31..2026-03-31)); Payout(facts); FCF/CE; Precio=ARS; PER; P/B; P/S
30525406756,CADO,2026-03-31,byma_only,0.02859394072201037,0.022126864333052592,0.5079814634521012,11.9220166111299,14.72,-0.015393617826714282,,0.02387580458027605,vintage_mixto(2021-12-31..2026-03-31),12.38227644712321,1.0878356360902142,9.335075333909783,560.0,68992000000.0,ARS,0.06785714285714284,0.5342465753424657,0,0,0,,ROE; ROA; Margen; D/EBITDA; EPS; CAGR(vintage_mixto(2021-12-31..2026-03-31)); Payout(sin_dato); FCF/CE; Precio=ARS; PER; P/B; P/S
30629827060,CAPX,2025-10-31,byma_only,-0.07846194645370766,-0.030222366719239852,-0.18527186172108057,6.919152173079343,-169.31,0.009788256271778288,,,ratio_negativo,158.2049360843574,1.3894807936310771,0.732719501885042,4235.0,761462664270.0,ARS,0.6340023612750885,0.4116666666666666,0,0,0,,ROE; ROA; Margen; D/EBITDA; EPS; Payout(sin_dato); FCF/CE; Precio=ARS; PER; P/B; P/S
30504249227,CARC,2026-03-31,byma_only,-0.023202210846881212,-0.017529238011603956,-0.18678180137008243,,-0.64,-0.022713188286075485,,,ratio_negativo,12.717357991837956,0.744260276227076,0.5827881842386948,20.600000381469727,22487462520.82165,ARS,0.6796115453106863,18.252335861350023,0,0,0,,ROE; ROA; Margen; EPS; Payout(sin_dato); FCF/CE; Precio=ARS; PER; P/B; P/S
30652254248,CECO2,2023-09-30,byma_only,-0.12539069776533415,-0.09334245278374417,-0.37177621032310315,1.5469780335852825,-12.37,0.05029655912313701,0.16703007464104286,-0.34440580677986776,vintage_mixto(2021-12-31..2026-03-31),,,,484.0,339762374952.0,ARS,0.12603305785123964,0.9359999999999999,0,1,1,facts(yfinance),ROE; ROA; Margen; D/EBITDA; EPS; CAGR(vintage_mixto(2021-12-31..2026-03-31)); Payout(facts); FCF/CE; Precio=ARS
30501062150,CELU,2025-11-30,byma_only,0.7713529838500799,-0.3084710390074984,-2.0422316509053906,-5.9456742158928755,-985.24,0.08470371220922836,6.396215371433054e-05,,ratio_negativo,,,5.323709161417059,274.5,2770852154166.0,ARS,0.9271402550091075,0.8300000000000001,0,1,0,facts(yfinance),ROE; ROA; Margen; D/EBITDA; EPS; Payout(facts); FCF/CE; Precio=ARS; P/S
30657864427,CGPA2,2021-09-30,byma_only,0.3620631148821103,0.034228244818310716,0.04534196179247374,1.843784899561037,4.7,0.5191254600114031,,0.0464944995229839,,,,,1990.0,663229287510.0,ARS,0.7537688442211055,0.5856573705179282,0,1,1,,ROE; ROA; Margen; D/EBITDA; EPS; CAGR(); Payout(sin_dato); FCF/CE; Precio=ARS
33526316989,COME,2025-12-31,byma_only,-0.10337001455898188,-0.07339637032069482,-0.08809984974691308,1.5633928827846777,-9.97,0.001483882464562839,0.04421520533482925,-0.1654736542594326,vintage_mixto(2021-12-31..2026-03-31),,0.5298949490120629,0.4816253487756216,42.31999969482422,296239997863.76953,ARS,1.0085066307407273,0.4542955030946567,0,0,0,facts(yfinance),ROE; ROA; Margen; D/EBITDA; EPS; CAGR(vintage_mixto(2021-12-31..2026-03-31)); Payout(facts); FCF/CE; Precio=ARS; P/B; P/S
30709130354,COUR,2026-03-31,byma_only,0.003728200543247826,0.0023552944609522806,0.013920055769043989,0.37435773789012,15.53,0.007649130156119892,,-0.547393665439997,vintage_mixto(2023-03-31..2026-03-31),20.662991012535592,0.8163312800459565,0.9239659176510786,3400.0,21420000000.0,ARS,0.0,0.16179736887066465,0,0,0,,ROE; ROA; Margen; D/EBITDA; EPS; CAGR(vintage_mixto(2023-03-31..2026-03-31)); Payout(sin_dato); FCF/CE; Precio=ARS; PER; P/B; P/S
30587480359,CTIO,2025-12-31,byma_only,-0.0013818422516181203,-0.0008157313283127252,-0.014944833269781917,-8.676618512573569,-2.96,-0.01798897028299902,0.6432267297847746,,ratio_negativo,155.60606935676626,1.0069803330751619,4.344959831579774,2160.0,885398534640.0,ARS,0.20370370370370372,0.5766423357664234,0,0,0,facts(yfinance),ROE; ROA; Margen; D/EBITDA; EPS; Payout(facts); FCF/CE; Precio=ARS; PER; P/B; P/S
30715591231,CVH,2025-03-31,byma_only,0.014224675043849633,0.006175681659155013,0.06364309170112216,37.95378182220094,157.06,-0.10841765582458336,0.01232936602427228,0.32778477166063125,vintage_mixto(2021-12-31..2026-03-31),0.7249752217623724,0.27689461202398824,0.16855915973912478,9350.0,1689008123000.0,ARS,0.053475935828877,1.3670886075949369,0,0,0,facts(yfinance),ROE; ROA; Margen; D/EBITDA; EPS; CAGR(vintage_mixto(2021-12-31..2026-03-31)); Payout(facts); FCF/CE; Precio=ARS; PER; P/B; P/S
33657865279,DGCE,2026-03-31,byma_only,0.0468956526219134,0.024582543603701466,0.13856958241786774,0.14586136596399787,66.53,0.022662974919871005,,-0.2500375553016905,vintage_mixto(2018-12-31..2026-03-31),,,,1850.0,296845801500.0,ARS,,,0,1,0,,ROE; ROA; Margen; D/EBITDA; EPS; CAGR(vintage_mixto(2018-12-31..2026-03-31)); Payout(sin_dato); FCF/CE; Precio=ARS
33657865589,DGCU2,2025-12-31,byma_only,0.25661580897612885,0.1499312784580178,0.1621682917931339,0.023240988065954524,261.37,0.39680646018870613,1.7686128044575204,-0.1591621500087771,vintage_mixto(2021-12-31..2026-03-31),2.468316710549045,1.6003715961457836,0.44344131014335103,1630.0,329832599440.0,ARS,0.36809815950920255,0.6979166666666667,0,0,0,facts(yfinance),ROE; ROA; Margen; D/EBITDA; EPS; CAGR(vintage_mixto(2021-12-31..2026-03-31)); Payout(facts); FCF/CE; Precio=ARS; PER; P/B; P/S
30501999470,DOME,2026-01-31,byma_only,-0.3241706621513453,-0.18606382253759945,-0.17506408127239417,-0.6256736539849883,-14.92,,,,ratio_negativo,,1.2863489813523663,0.1885137173635714,59.2,5920000000.0,ARS,0.8074324324324325,0.09629629629629632,0,0,0,,ROE; ROA; Margen; D/EBITDA; EPS; Payout(sin_dato); Precio=ARS; P/B; P/S
30658275522,ECOG,2025-12-31,byma_only,0.2095488540987495,0.11684991662760104,0.13300803273272008,0.029313681265773824,440.59,0.3076086779821276,1.6584976911570213,-0.5629922757815002,vintage_mixto(2018-07-04..2026-03-31),3.275739309603661,1.7209496442338936,0.4816930303167836,3075.0,769303675275.0,ARS,8.227642276422765,1.220216606498195,0,0,0,facts(yfinance),ROE; ROA; Margen; D/EBITDA; EPS; CAGR(vintage_mixto(2018-07-04..2026-03-31)); Payout(facts); FCF/CE; Precio=ARS; PER; P/B; P/S
30712506497,EDSH,2026-01-31,byma_only,0.18000237685277054,0.08880771124028629,0.15181549693357357,,2556.65,0.008231795214178413,,0.10164631761313836,vintage_mixto(2021-12-31..2026-03-31),0.12678763924818445,0.0632576840057155,0.022517004761529985,1000.0,22888085000.0,ARS,0.0,16.857142857142858,0,0,0,,ROE; ROA; Margen; EPS; CAGR(vintage_mixto(2021-12-31..2026-03-31)); Payout(sin_dato); FCF/CE; Precio=ARS; PER; P/B; P/S
30525341263,FERR,2026-03-31,byma_only,-0.07362227550066874,-0.056638688479588674,-0.1578752853630158,-2.033166184377505,-0.29,-0.02202260339604966,0.340304832537995,,ratio_negativo,,0.5077360274794049,0.3558794285268555,20.299999237060547,93726076967.4717,ARS,1.413793194166407,0.39041087031923927,0,0,0,facts(yfinance),ROE; ROA; Margen; D/EBITDA; EPS; Payout(facts); FCF/CE; Precio=ARS; P/B; P/S
30502112259,FIPL,2025-03-31,byma_only,0.05647158312084506,0.028257731633199955,0.09346720475664232,-39.482030572290434,14.35,-0.351618738578293,0.2860647693817468,,ratio_negativo,0.01625420871110571,0.0009212786774397503,0.001521984687551634,170.0,30301417950.0,ARS,0.6941176470588235,0.18881118881118875,0,0,0,facts(yfinance),ROE; ROA; Margen; D/EBITDA; EPS; Payout(facts); FCF/CE; Precio=ARS; PER; P/B; P/S
30509284861,GARO,2026-03-31,byma_only,-0.04052350219039635,-0.011834382632432278,-0.009329857751422468,0.807206663067062,-11.19,0.1185722930516169,,,ratio_negativo,,1.0114921322279895,0.0757542870672977,390.0,17160000000.0,ARS,0.05384615384615388,2.6448598130841123,0,0,0,,ROE; ROA; Margen; D/EBITDA; EPS; Payout(sin_dato); FCF/CE; Precio=ARS; P/B; P/S
30657864117,GBAN,2025-12-31,byma_only,0.40433166051652725,0.280993706722255,0.22564185520346097,,,0.2547302790899881,0.531084280336649,-0.17210218223227414,vintage_mixto(2021-12-31..2026-03-31),1.6014563730366824,1.4414117820690282,0.34551401817222727,2005.0,652707631830.0,ARS,0.3216957605985038,0.9753694581280787,0,0,0,facts(yfinance),ROE; ROA; Margen; CAGR(vintage_mixto(2021-12-31..2026-03-31)); Payout(facts); FCF/CE; Precio=ARS; PER; P/B; P/S
30709282537,GCDI,2019-09-30,byma_only,0.43219149199005846,-0.11055898749064275,-0.2282928176839438,27.279971881580945,-19.03,-0.31977164388790086,,,ratio_negativo,,,,13.300000190734863,12172672929.4679,ARS,1.0451128099898601,0.06400001525878896,0,1,1,,ROE; ROA; Margen; D/EBITDA; EPS; Payout(sin_dato); FCF/CE; Precio=ARS
30707001735,GCLA,2025-06-30,byma_only,0.09783579064977858,0.095423697447938,5.8441556868018205,,,-0.0034061888443214423,,0.4424522974424059,,1.611478752924805e-05,1.576602473284452e-06,9.417291389427917e-05,4565.0,487432458260.0,ARS,0.095290251916758,1.7666666666666666,0,1,0,,ROE; ROA; Margen; CAGR(); Payout(sin_dato); FCF/CE; Precio=ARS; PER; P/B; P/S
30500781293,GRIM,2026-03-31,byma_only,-0.0155031800041452,-0.009409867444999066,-0.03232760670359691,2.9253853564496057,-62.0,-0.010272024493029698,0.19512454905680562,,ratio_negativo,3.3045607945282613,0.9375432628725603,0.1713419951120504,2520.0,111654935280.0,ARS,0.1884920634920635,0.7142857142857142,0,0,0,facts(yfinance),ROE; ROA; Margen; D/EBITDA; EPS; Payout(facts); FCF/CE; Precio=ARS; PER; P/B; P/S
30501111127,HARG,2025-12-31,byma_only,-0.06922102294595082,-0.04119376484073102,-0.08141335197399388,3.4149263950701814,-109.83,-0.09556101265995239,0.030358944079513863,,ratio_negativo,,0.9972650143220607,0.5177064261547832,1600.0,585600000000.0,ARS,0.78125,0.7112299465240641,0,0,0,facts(yfinance),ROE; ROA; Margen; D/EBITDA; EPS; Payout(facts); FCF/CE; Precio=ARS; P/B; P/S
30708544082,HAVA,2026-03-31,byma_only,0.10398317861705904,0.05187625779010298,0.15613269143703115,2.5887338446929875,163.15,0.046535438836684616,0.6026020644570579,-0.030415331035438142,vintage_mixto(2021-12-31..2026-03-31),169.0115797431435,3.278807494961224,0.8028257975888506,5390.0,253201367650.0,ARS,0.27829313543599254,0.41469816272965887,0,0,0,facts(yfinance),ROE; ROA; Margen; D/EBITDA; EPS; CAGR(vintage_mixto(2021-12-31..2026-03-31)); Payout(facts); FCF/CE; Precio=ARS; PER; P/B; P/S
30501290323,INTR,2026-03-31,byma_only,0.024139080528569983,0.016358215240160328,0.03170176391640549,3.9512101759870366,12.68,-0.17008212640434003,0.31251074471913454,-0.24330899403424722,vintage_mixto(2021-12-31..2026-03-31),13.788397487383325,0.5453453203914108,0.20380060533118619,286.5,34691083705.5,ARS,0.7382198952879582,0.041818181818181754,0,0,0,facts(yfinance),ROE; ROA; Margen; D/EBITDA; EPS; CAGR(vintage_mixto(2021-12-31..2026-03-31)); Payout(facts); FCF/CE; Precio=ARS; PER; P/B; P/S
30640285431,INVJ,2025-06-30,byma_only,-0.014663999684936669,-0.00738299147124949,-0.05380831968539054,,,,,0.3770247215003226,vintage_mixto(2023-03-31..2026-03-31),,1.0546723230074437,2.6639081458246987,427.0,302230983873.0,ARS,0.8220140515222483,0.8977777777777778,0,0,0,,ROE; ROA; Margen; CAGR(vintage_mixto(2023-03-31..2026-03-31)); Payout(sin_dato); Precio=ARS; P/B; P/S
30501250305,LEDE,2025-08-31,byma_only,-0.039623225550422456,-0.01920746887086778,-0.08980906757728148,29.979090533375228,-39.3,-0.11465172244566867,0.8565829796879231,,ratio_negativo,,0.7455956855206785,0.16410314852133961,742.0,325153927280.0,ARS,0.6442048517520216,0.12254160363086242,0,0,0,facts(yfinance),ROE; ROA; Margen; D/EBITDA; EPS; Payout(facts); FCF/CE; Precio=ARS; P/B; P/S
30500833781,LONG,2026-03-31,byma_only,-0.10084248539932125,-0.050825792715712276,-0.20122806500290052,-1.426485432050276,-4.86,0.014760483477651222,0.06498040941571903,,ratio_negativo,,0.34477747251147783,0.09018216192491657,16.600000381469727,9181617014.59451,ARS,0.8373493553678821,0.10666669209798174,0,0,0,facts(yfinance),ROE; ROA; Margen; D/EBITDA; EPS; Payout(facts); FCF/CE; Precio=ARS; P/B; P/S
30657863676,METR,2025-12-31,byma_only,0.13795354794370773,0.09530629979943543,0.10883303691350976,0.5631569105627713,229.62,0.029317340942616014,,-0.27222866036139537,vintage_mixto(2021-12-31..2026-03-31),3.38114390785587,1.1239637838485128,0.38204193073648846,1897.0,1079393000000.0,ARS,0.5234580917237743,0.897,0,0,0,,ROE; ROA; Margen; D/EBITDA; EPS; CAGR(vintage_mixto(2021-12-31..2026-03-31)); Payout(sin_dato); FCF/CE; Precio=ARS; PER; P/B; P/S
30578036071,MIRG,2025-12-31,byma_only,0.031204572403836135,0.012673851101644708,0.043120262992811575,2.1420442281655316,128.77,-0.5370835827837178,0.6463152873837348,-0.41893753345434115,vintage_mixto(2021-12-31..2026-03-31),122.28282898499916,7.138326953851764,2.7549451862696945,16075.0,2877559531675.0,ARS,0.7573872472783827,0.10102739726027399,0,0,0,facts(yfinance),ROE; ROA; Margen; D/EBITDA; EPS; CAGR(vintage_mixto(2021-12-31..2026-03-31)); Payout(facts); FCF/CE; Precio=ARS; PER; P/B; P/S
30715118773,MOLA,2025-12-31,byma_only,1.2990086714175348,0.14604784216695726,0.0680623597907217,2.1908289139958494,3665.58,-0.7447671857964925,1.1039095271014594,0.21467003448196142,vintage_mixto(2021-12-31..2026-03-31),3.1011182311756005,7.946977914960903,0.13936392789813734,22425.0,1100664388200.0,ARS,0.33556298773690085,0.38212634822804303,0,0,0,facts(yfinance),ROE; ROA; Margen; D/EBITDA; EPS; CAGR(vintage_mixto(2021-12-31..2026-03-31)); Payout(facts); FCF/CE; Precio=ARS; PER; P/B; P/S
30500858628,MOLI,2025-12-31,byma_only,-0.16257042801867166,-0.05555449424710172,-0.042861338889140385,-25.39021604644523,-202.13,0.143434669701887,1.1424852943769306,-0.09615523658725933,vintage_mixto(2021-12-31..2026-03-31),,2.1313089191520285,0.23402978241701097,2650.0,533750086550.0,ARS,0.6886792452830188,0.29268292682926833,0,0,0,facts(yfinance),ROE; ROA; Margen; D/EBITDA; EPS; CAGR(vintage_mixto(2021-12-31..2026-03-31)); Payout(facts); FCF/CE; Precio=ARS; P/B; P/S
30525346389,MORI,2025-09-30,byma_only,0.061022609390617495,0.028113411783438607,0.056698005711322524,6.985563552101456,8.4,0.14632634576762354,0.5285100717262314,,ratio_negativo,7.372316625261841,1.1034269607823364,0.29354883308258184,26.100000381469727,58782422007.546135,ARS,1.107279662687226,0.08523913552771223,0,0,0,cnv_dividendos,ROE; ROA; Margen; D/EBITDA; EPS; Payout(cnv_dividendos); FCF/CE; Precio=ARS; PER; P/B; P/S
30663498513,OEST,2025-09-30,byma_only,0.19943891702078934,0.11129887142639065,0.31180132871862193,,0.0,0.009332298531769256,,,division_por_cero,42.51380190980441,0.7175755108272475,0.38693806054006824,705.0,112800000000.0,ARS,0.553191489361702,0.6987951807228916,0,0,0,,ROE; ROA; Margen; EPS; Payout(sin_dato); FCF/CE; Precio=ARS; PER; P/B; P/S
30506730038,PATA_2,2023-09-30,byma_only,0.05345481956203734,0.026975910240989123,0.041857076774908575,2.250734174378227,14.26,0.022887283586647936,,0.0741717592672646,,,,,,,,,,0,0,1,,ROE; ROA; Margen; D/EBITDA; EPS; CAGR(); Payout(sin_dato); FCF/CE
30538748478,POLL,2026-03-31,byma_only,-0.019590625901322316,0.1779169360634842,,,1.68,13.072174093044868,,-0.6261178488478634,vintage_mixto(2021-12-31..2026-03-31),,,,290.0,1861914260.0,ARS,0.17241379310344818,0.38095238095238093,0,1,0,,ROE; ROA; EPS; CAGR(vintage_mixto(2021-12-31..2026-03-31)); Payout(sin_dato); FCF/CE; Precio=ARS
30620880600,RAGH,2026-02-28,byma_only,-0.028758125029138458,-0.01325026667292248,-0.24695780435126166,,-60.23,-0.16415013820423466,,,ratio_negativo,,0.8807086271921323,4.609185353185973,1800.0,717842703600.0,ARS,0.05555555555555558,0.4285714285714286,0,0,0,,ROE; ROA; Margen; EPS; Payout(sin_dato); FCF/CE; Precio=ARS; P/B; P/S
33528807939,REGE,2026-02-28,byma_only,-0.018170819288990645,-0.009056032529636217,-0.009251880627382804,,,-0.10079762629812201,1.365627654041227,,ratio_negativo,,,33.79505023067341,7000.0,1400000000000.0,ARS,0.2857142857142858,0.34615384615384626,0,1,0,facts(yfinance),ROE; ROA; Margen; Payout(facts); FCF/CE; Precio=ARS; P/S
30501152826,RICH,2026-03-31,byma_only,0.17359106368374072,0.048584100966602976,0.7382301471225247,-71.50060612097565,262.03,0.001009647061434879,0.3825669100201391,0.390813255157362,vintage_mixto(2021-12-31..2026-03-31),3.0292884931801694,1.0371340647769476,1.835704776494954,1570.0,126779834590.0,ARS,0.410828025477707,0.6439790575916231,0,0,0,facts(yfinance),ROE; ROA; Margen; D/EBITDA; EPS; CAGR(vintage_mixto(2021-12-31..2026-03-31)); Payout(facts); FCF/CE; Precio=ARS; PER; P/B; P/S
30500526935,RIGO,2026-02-28,byma_only,-0.009808086169283498,-0.006941417493048522,-0.037105416289561335,12.834636609881256,-7.4,0.0011670286299779382,0.7371251555522292,,ratio_negativo,,0.6229792481533204,0.2528850333477209,470.0,68180231340.0,ARS,0.6255319148936169,0.0730593607305936,0,0,0,facts(yfinance),ROE; ROA; Margen; D/EBITDA; EPS; Payout(facts); FCF/CE; Precio=ARS; P/B; P/S
30501407093,ROSE,2025-12-31,byma_only,8.578636748031055,-0.5827935364673856,-0.7049167577088977,14043626.905569008,-104.62,0.9825120522076058,,,ratio_negativo,,,0.5000496856501309,164.0,6984672260.0,ARS,1.1768292682926829,0.4137931034482758,0,1,0,,ROE; ROA; Margen; D/EBITDA; EPS; Payout(sin_dato); FCF/CE; Precio=ARS; P/S
30511190238,SAMI,2025-12-31,byma_only,-0.3249017445560327,-0.05249192656859816,-0.20225543642262478,22.123079468878863,,0.05269224615609309,,,insuficientes_periodos,,8.255112726412491,3.3363736516469977,477.0,886562586198.0,ARS,1.0125786163522013,0.3846153846153846,0,0,0,,ROE; ROA; Margen; D/EBITDA; Payout(sin_dato); FCF/CE; Precio=ARS; P/B; P/S
30536928703,SEMI,2026-02-28,byma_only,0.005040067500013377,0.003869093487889245,0.005364788374490976,0.8327648936775203,0.08,-0.02006672146466469,0.16041107946565666,-0.5141402741576815,vintage_mixto(2021-11-30..2026-02-28),16.286413047841826,1.1235953374775158,0.38113645186097106,16.75,60300000000.0,ARS,0.9701492537313432,0.5075000575065636,0,0,0,facts(yfinance),ROE; ROA; Margen; D/EBITDA; EPS; CAGR(vintage_mixto(2021-11-30..2026-02-28)); Payout(facts); FCF/CE; Precio=ARS; PER; P/B; P/S
30657863056,TGNO4,2023-03-31,byma_only,0.06601204370995749,0.05087263871040348,1.0889385353160133,9.647018009136882,24.89,0.010100268645364856,1.2921498696098903,-0.29344935595966637,vintage_mixto(2021-12-31..2026-03-31),,,,4057.5,1782759757492.5,ARS,0.2902033271719038,1.0440806045340052,0,1,1,facts(yfinance),ROE; ROA; Margen; D/EBITDA; EPS; CAGR(vintage_mixto(2021-12-31..2026-03-31)); Payout(facts); FCF/CE; Precio=ARS
30663148776,TRAN,2025-12-31,byma_only,0.22489957844617156,0.17316088418630787,0.4921703828409892,0.2592000263419719,437.24,0.1183074577801506,0.744448458212595,0.22956882682166757,vintage_mixto(2021-12-31..2026-03-31),3.9379993741559898,1.9391283252116176,1.8570760674367888,3770.0,1676420207150.0,ARS,0.16976127320954904,1.6162387231089523,0,0,0,facts(yfinance),ROE; ROA; Margen; D/EBITDA; EPS; CAGR(vintage_mixto(2021-12-31..2026-03-31)); Payout(facts); FCF/CE; Precio=ARS; PER; P/B; P/S
30516888241,TXAR,2025-12-31,byma_only,0.012244228147736284,0.011065819185281267,0.03316825482660792,0.7366378285631596,18.47,0.0431689501012549,,-0.44925038093347214,vintage_mixto(2021-12-31..2026-03-31),17.133403480222537,0.4488742014538599,0.5190205397873764,677.0,3058072653571.0,ARS,0.4032496307237814,0.5044444444444445,0,0,0,,ROE; ROA; Margen; D/EBITDA; EPS; CAGR(vintage_mixto(2021-12-31..2026-03-31)); Payout(sin_dato); FCF/CE; Precio=ARS; PER; P/B; P/S
30576124275,VALO,2026-03-31,byma_only,0.03584416225156531,0.005155107646519566,0.12762453773195248,,12.89,,0.05508750471671316,-0.10889641553175522,vintage_mixto(2022-12-31..2026-03-31),5.540861710467071,1.817790977871718,0.7956570969638861,653.5,749266426887.0,ARS,0.1476664116296864,1.829004329004329,0,0,0,facts(yfinance),ROE; ROA; Margen; EPS; CAGR(vintage_mixto(2022-12-31..2026-03-31)); Payout(facts); Precio=ARS; PER; P/B; P/S
30696170580,_ADR_0580,2025-12-31,adr,0.1367065929358169,0.06888585656072065,0.1361238028865942,1.7175775102786184,812.05,0.12921526637681224,,0.006138643462337834,,1.0749827056617581e-08,2.728495653838709e-09,1.3211673861922613e-09,25.670000076293945,4189926901.1429043,USD,0.18815737862683224,0.47868658835111044,0,0,0,,ROE; ROA; Margen; D/EBITDA; EPS; CAGR(); Payout(sin_dato); FCF/CE; Precio=USD; PER; P/B; P/S
30509300700,_ADR_0700,2025-12-31,adr,,,,,119.0,0.0004840569584641214,,-0.05472556857733735,,,0.0003025346513830439,,11.119999885559082,788688171.4032555,USD,0.2778777144234237,0.3585220654183199,0,0,0,,EPS; CAGR(); Payout(sin_dato); FCF/CE; Precio=USD; P/B
30500530851,_ADR_0851,2025-12-31,adr,,,,,40.42,-0.0010694061359810515,,-0.3952034765613136,,,0.0012915671294578906,,11.800000190734863,1377020256.2581158,USD,0.11864403355090847,0.6761363998117036,0,0,0,,EPS; CAGR(); Payout(sin_dato); FCF/CE; Precio=USD; P/B
33515950899,_ADR_0899,2025-12-31,adr,0.3107122806799708,0.10459845168710213,0.336170143350225,,12.6,-29.11151700156889,,-0.6105675291753812,,0.0027232597552625548,0.002016636954473031,0.0010770666656600037,61.209999084472656,6821389446.811432,USD,0.3305016118202395,0.9351881349524873,0,0,0,,ROE; ROA; Margen; EPS; CAGR(); Payout(sin_dato); FCF/CE; Precio=USD; PER; P/B; P/S
30500001735,_ADR_1735,2026-03-31,adr,0.007145366434503287,0.0013249710823816155,0.025495924479643432,,63.14,-0.4448808379228056,,-0.4326754953312577,vintage_mixto(2021-12-31..2026-03-31),0.06509736440266162,0.001347183254285393,0.000535990078202012,53.02000045776367,8984421731.469631,USD,0.17917766725724205,1.0478950060911392,0,0,0,,ROE; ROA; Margen; EPS; CAGR(vintage_mixto(2021-12-31..2026-03-31)); Payout(sin_dato); FCF/CE; Precio=USD; PER; P/B; P/S
30657862068,_ADR_2068,2025-12-31,adr,0.13455183486051533,0.07827704474741841,0.24552370716420402,1.8462785488348128,559.09,0.027351180880062137,,0.37665242420210254,,0.005552217065010622,0.0014261693791930913,0.0013996111152889221,29.6299991607666,4460861915.2115555,USD,0.22679714828519182,0.5010131461155647,0,0,0,,ROE; ROA; Margen; D/EBITDA; EPS; CAGR(); Payout(sin_dato); FCF/CE; Precio=USD; PER; P/B; P/S
30526552659,_ADR_2659,2025-12-31,adr,,,,,364.55,0.028913731622432836,,0.16626612131280427,,,0.0008458410849442255,,82.3499984741211,4425818647.393158,USD,0.14754100486956423,0.4986350742630259,0,0,0,,EPS; CAGR(); Payout(sin_dato); FCF/CE; Precio=USD; P/B
30525322749,_ADR_2749,2025-12-31,adr,0.1267287771814145,0.05953756257238297,0.8518767054344514,3.006003990457072,310.26,0.01784154982726248,,0.6324825071398328,,0.002117143994860034,0.0006938266030129444,0.0011112271236148972,16.100000381469727,1362246663.4767609,USD,0.18881980969873724,0.48114080505729895,0,0,0,,ROE; ROA; Margen; D/EBITDA; EPS; CAGR(); Payout(sin_dato); FCF/CE; Precio=USD; PER; P/B; P/S
30704962807,_ADR_2807,2025-12-31,adr,,,,,122.21,0.05252712045460104,,-0.24130070943708426,,,0.0011397782287786854,3.7847358671856104,53.02000045776367,8984421731.469631,USD,0.17917766725724205,1.0478950060911392,0,0,0,,EPS; CAGR(); Payout(sin_dato); FCF/CE; Precio=USD; P/B; P/S
30617442937,_ADR_2937,2025-12-31,adr,-0.04823209815183872,-0.04821072723486155,1.0344582174957273,,-110.99,0.03318785615190186,,,ratio_negativo,,0.0009461383989448897,0.0004380520142089192,10.140000343322754,953009929.8472567,USD,0.3362918867806166,1.2334802705998382,0,0,0,,ROE; ROA; Margen; EPS; Payout(sin_dato); FCF/CE; Precio=USD; P/B; P/S
30500003193,_ADR_3193,2025-12-31,adr,0.07282517697513793,0.010187783002083733,0.049963744215531514,,408.01,0.31222186434241006,,-0.0457967931197385,,0.006428199847060952,0.0012351442033714283,0.00037824757871543653,20.760000228881836,4239953793.4260693,USD,0.08236989718784593,1.6752576825469,0,0,0,,ROE; ROA; Margen; EPS; CAGR(); Payout(sin_dato); FCF/CE; Precio=USD; PER; P/B; P/S
30639453738,_ADR_3738,2025-12-31,adr,,,,,-78.94,-0.05792372923323342,,,ratio_negativo,,0.000803086986169882,,13.020000457763672,5608203775.216026,USD,0.254992287104302,1.0248834845035706,0,0,0,,EPS; Payout(sin_dato); FCF/CE; Precio=USD; P/B
33500005179,_ADR_5179,2025-12-31,adr,,,,,-136.06,0.43973227641982393,,,ratio_negativo,,0.0012532279783216815,0.0002479016051019616,10.140000343322754,953009929.8472567,USD,0.3362918867806166,1.2334802705998382,0,0,0,,EPS; Payout(sin_dato); FCF/CE; Precio=USD; P/B; P/S
33650305499,_ADR_5499,2025-12-31,adr,,,,,230.61,0.045451773651805805,,0.13926811955120955,,,0.000850801023913974,,14.84000015258789,2225795794.8060837,USD,0.24683288875659115,0.9973082766418007,0,0,0,,EPS; CAGR(); Payout(sin_dato); FCF/CE; Precio=USD; P/B
30714128309,_ADR_8309,2025-12-31,adr,-0.0032719669564712202,-0.0015557501630980998,-0.008166829159930396,3.831074578989575,-1.41,0.03663866954846117,,,ratio_negativo,,,,,,,,,0,0,0,,ROE; ROA; Margen; D/EBITDA; EPS; Payout(sin_dato); FCF/CE
30546689979,_ADR_9979,2026-03-31,adr,0.03817803717563603,0.014631659467466432,0.08795612809666561,7.157892433650152,1546.33,0.056032423256937115,,-0.16900951535370168,vintage_mixto(2018-12-31..2026-03-31),,0.0011284354244061824,0.00031671421508475795,46.119998931884766,18084890641.08332,USD,0.24653085450792256,1.0210341607649185,0,0,0,,ROE; ROA; Margen; D/EBITDA; EPS; CAGR(vintage_mixto(2018-12-31..2026-03-31)); Payout(sin_dato); FCF/CE; Precio=USD; P/B; P/S
